frame_idx,timestamp,best_conf,infer_ms,hip_y,head_y,head_move_px,head_drop_event,ankle_distance,is_airborne,jump_count,single_count,double_count,jump_type,freq_hz,spm,state
0,0.0,0.8919734954833984,67.15620000613853,277.2983093261719,106.61862182617188,0.0,False,9.665461540222168,False,0,0,0,unknown,0.0,0.0,IDLE
1,0.04,0.8994433879852295,50.70420000993181,275.04571533203125,111.18521118164062,4.582025527954102,False,4.562717437744141,False,0,0,0,unknown,0.0,0.0,IDLE
2,0.08,0.8846190571784973,48.20560000371188,283.6004943847656,119.27086639404297,8.337489128112793,False,3.266244411468506,False,0,0,0,unknown,0.0,0.0,IDLE
3,0.12,0.906267523765564,57.86139999690931,290.1263427734375,124.229248046875,4.9607625007629395,False,4.5947723388671875,False,0,0,0,unknown,0.0,0.0,IDLE
4,0.16,0.9108693599700928,61.28200000966899,291.0308837890625,125.27778625488281,1.8102766275405884,False,6.8548407554626465,False,0,0,0,double,0.0,0.0,IDLE
5,0.2,0.9107930660247803,58.337299997219816,290.6459655761719,125.96233367919922,0.8283751606941223,False,8.566128730773926,False,0,0,0,double,0.0,0.0,IDLE
6,0.24,0.900922417640686,33.634499995969236,284.53045654296875,119.97795104980469,6.065908432006836,False,7.085554122924805,False,0,0,0,double,0.0,0.0,IDLE
7,0.28,0.7161139249801636,38.84730000572745,274.02471923828125,109.06076049804688,10.946248054504395,False,10.779507637023926,True,0,0,0,double,0.0,0.0,IDLE
8,0.32,0.5818795561790466,41.146400006255135,258.355712890625,92.75294494628906,16.322237014770508,False,11.787909507751465,True,0,0,0,double,0.0,0.0,IDLE
9,0.36,0.8796975016593933,36.97980000288226,247.20558166503906,76.11980438232422,16.655372619628906,False,8.749956130981445,True,0,0,0,double,0.0,0.0,IDLE
10,0.4,0.9153321981430054,39.085500000510365,236.20394897460938,64.70897674560547,11.47299575805664,False,10.53780746459961,True,0,0,0,double,0.0,0.0,IDLE
11,0.44,0.9124318957328796,37.527000007685274,231.47459411621094,59.98978042602539,4.776365280151367,False,11.73604679107666,True,0,0,0,double,0.0,0.0,IDLE
12,0.48,0.9176694750785828,38.20240001368802,226.9266357421875,56.209617614746094,4.520502090454102,False,12.980175018310547,True,0,0,0,double,0.0,0.0,IDLE
13,0.52,0.8988295197486877,35.29030000208877,224.75424194335938,55.0805549621582,2.150172710418701,False,13.48967170715332,True,0,0,0,double,0.0,0.0,IDLE
14,0.56,0.8772270083427429,32.6362999912817,227.99290466308594,58.1785888671875,3.2267050743103027,False,12.518342018127441,True,0,0,0,double,0.0,0.0,IDLE
15,0.6,0.8927930593490601,38.54520000459161,233.3780059814453,64.68209075927734,6.504990100860596,False,7.858500957489014,True,0,0,0,double,0.0,0.0,IDLE
16,0.64,0.8842443227767944,39.90129999874625,237.14865112304688,68.72383117675781,4.047194957733154,False,5.464572429656982,True,0,0,0,double,0.0,0.0,IDLE
17,0.68,0.7786831855773926,36.9559999962803,244.8505401611328,78.4608154296875,9.823119163513184,False,5.979133605957031,True,0,0,0,double,0.0,0.0,IDLE
18,0.72,0.7835777997970581,54.23769999470096,259.9422607421875,91.4896240234375,13.080519676208496,False,6.535150051116943,True,0,0,0,double,0.0,0.0,IDLE
19,0.76,0.8986921310424805,39.41840000334196,275.76666259765625,107.39332580566406,15.908382415771484,False,7.885369300842285,False,1,0,1,double,0.0,0.0,JUMPING
20,0.8,0.8894721269607544,43.61330000392627,284.04742431640625,118.37663269042969,10.983532905578613,False,4.73032808303833,False,1,0,1,double,0.0,0.0,JUMPING
21,0.84,0.7889658212661743,37.47559999465011,282.2945556640625,117.49128723144531,1.172776460647583,False,2.9600236415863037,True,1,0,1,double,0.0,0.0,JUMPING
22,0.88,0.8006974458694458,41.8296999996528,274.2162780761719,106.864013671875,10.664466857910156,False,5.043624401092529,True,1,0,1,double,0.0,0.0,JUMPING
23,0.92,0.8267228603363037,39.854600006947294,266.7752990722656,99.86859130859375,7.00283145904541,False,5.745635032653809,True,1,0,1,double,0.0,0.0,JUMPING
24,0.96,0.9021448493003845,40.33450000861194,254.0358428955078,89.1097412109375,10.7619047164917,False,4.886801719665527,True,1,0,1,double,0.0,0.0,JUMPING
25,1.0,0.8834829926490784,38.71910000452772,242.3804931640625,77.40245056152344,11.74816608428955,False,2.9590089321136475,True,1,0,1,double,0.0,0.0,JUMPING
26,1.04,0.9109245538711548,44.93279999587685,232.95663452148438,68.7583236694336,8.644674301147461,False,3.834543228149414,True,1,0,1,double,0.0,0.0,JUMPING
27,1.08,0.9205098748207092,44.18299999088049,227.4186248779297,63.93970489501953,4.84758186340332,False,3.3790950775146484,True,1,0,1,double,0.0,0.0,JUMPING
28,1.12,0.9196267127990723,40.754500005277805,228.06573486328125,63.48796081542969,1.0392059087753296,False,1.1539289951324463,True,1,0,1,double,0.0,0.0,JUMPING
29,1.16,0.9059432148933411,52.70030000247061,229.3953094482422,64.48914337158203,1.134832501411438,False,1.5182496309280396,True,1,0,1,double,0.0,0.0,JUMPING
30,1.2,0.9025558233261108,94.71240000857506,236.04440307617188,69.33174896240234,5.019970417022705,False,2.219184637069702,True,1,0,1,double,0.0,0.0,JUMPING
31,1.24,0.9020799398422241,178.7588000006508,242.806640625,77.01351928710938,7.944799900054932,False,2.2157950401306152,True,1,0,1,double,0.0,0.0,JUMPING
32,1.28,0.8633243441581726,141.6691000049468,257.19757080078125,89.21717834472656,12.481547355651855,False,4.079423427581787,True,1,0,1,double,0.0,0.0,JUMPING
33,1.32,0.9014313817024231,130.87190000806004,273.0394287109375,104.24751281738281,15.11768627166748,False,5.494544982910156,False,2,0,2,double,1.7857140880458429,107.14284528275057,JUMPING
34,1.36,0.9030283689498901,118.64240000431892,280.05218505859375,114.2879638671875,10.041105270385742,False,8.912276268005371,False,2,0,2,double,1.7857140880458429,107.14284528275057,JUMPING
35,1.4,0.9002861380577087,75.2617999969516,283.3865051269531,118.5672607421875,4.298420429229736,False,12.384276390075684,False,2,0,2,double,1.7857140880458429,107.14284528275057,JUMPING
36,1.44,0.509178876876831,45.852900002500974,279.467529296875,114.67933654785156,4.648725986480713,False,11.70176887512207,True,2,0,2,double,1.7857140880458429,107.14284528275057,JUMPING
37,1.48,0.8755849599838257,38.8836999918567,266.7857666015625,102.67925262451172,12.014984130859375,False,6.199319362640381,True,2,0,2,double,1.7857140880458429,107.14284528275057,JUMPING
38,1.52,0.8745502829551697,30.716799999936484,253.39251708984375,89.03399658203125,13.645257949829102,False,1.5140894651412964,True,2,0,2,double,1.7857140880458429,107.14284528275057,JUMPING
39,1.56,0.9111382365226746,39.528499997686595,240.78277587890625,76.58360290527344,12.452214241027832,False,5.297579765319824,True,2,0,2,double,1.7857140880458429,107.14284528275057,JUMPING
40,1.6,0.9007624387741089,35.37739999592304,232.72323608398438,68.19937896728516,8.405156135559082,False,10.935120582580566,True,2,0,2,double,1.7857140880458429,107.14284528275057,JUMPING
41,1.64,0.9016377925872803,40.728699997998774,228.66226196289062,64.66934204101562,3.5418972969055176,False,14.028708457946777,True,2,0,2,double,1.7857140880458429,107.14284528275057,JUMPING
42,1.68,0.9096239805221558,36.878500002785586,225.61001586914062,63.759925842285156,0.9128392934799194,False,13.72607707977295,True,2,0,2,double,1.7857140880458429,107.14284528275057,JUMPING
43,1.72,0.8957094550132751,36.00870000082068,227.139892578125,65.52362060546875,1.7692376375198364,False,9.07462215423584,True,2,0,2,double,1.7857140880458429,107.14284528275057,JUMPING
44,1.76,0.877303421497345,52.91630000283476,234.3936004638672,71.32731628417969,5.8039231300354,False,0.493221253156662,True,2,0,2,double,1.7857140880458429,107.14284528275057,JUMPING
45,1.8,0.8546859622001648,45.240699997521006,245.0240478515625,85.41767120361328,14.131264686584473,False,4.873027324676514,True,2,0,2,double,1.7857140880458429,107.14284528275057,JUMPING
46,1.84,0.7872735857963562,44.56249999930151,260.28826904296875,96.3145523071289,11.140613555908203,False,4.305887699127197,True,2,0,2,double,1.7857140880458429,107.14284528275057,JUMPING
47,1.88,0.7955613136291504,44.62970000167843,268.38079833984375,102.0186996459961,5.762777805328369,False,6.432424068450928,False,3,0,3,double,1.7857142781116524,107.14285668669915,JUMPING
48,1.92,0.8045487403869629,41.544299994711764,278.69403076171875,110.83528900146484,8.816590309143066,False,11.23921012878418,False,3,0,3,double,1.7857142781116524,107.14285668669915,JUMPING
49,1.96,0.7510693073272705,36.404300000867806,278.6337585449219,112.56842041015625,1.823401689529419,False,5.684071063995361,False,3,0,3,double,1.7857142781116524,107.14285668669915,JUMPING
50,2.0,0.8114384412765503,40.98879999946803,268.43359375,106.07980346679688,6.897914886474609,False,5.895883083343506,True,3,0,3,double,1.7857142781116524,107.14285668669915,JUMPING
51,2.04,0.8454498648643494,34.13220000220463,256.0837097167969,91.77516174316406,14.439915657043457,False,5.52471399307251,True,3,0,3,double,1.7857142781116524,107.14285668669915,JUMPING
52,2.08,0.7017398476600647,36.70199999760371,243.409912109375,79.55973815917969,12.25381088256836,False,8.391576766967773,True,3,0,3,double,1.7857142781116524,107.14285668669915,JUMPING
53,2.12,0.8540705442428589,32.70150000753347,237.5797576904297,73.0241470336914,6.5635786056518555,False,9.485944747924805,True,3,0,3,double,1.7857142781116524,107.14285668669915,JUMPING
54,2.16,0.9246779680252075,39.78399999323301,231.57350158691406,67.38298034667969,5.645451068878174,False,9.395500183105469,True,3,0,3,double,1.7857142781116524,107.14285668669915,JUMPING
55,2.2,0.9127039909362793,34.57669999625068,226.60873413085938,64.11270141601562,3.2958121299743652,False,7.80073356628418,True,3,0,3,double,1.7857142781116524,107.14285668669915,JUMPING
56,2.24,0.8841434717178345,36.584699992090464,228.94371032714844,64.72874450683594,0.6323753595352173,False,5.287750244140625,True,3,0,3,double,1.7857142781116524,107.14285668669915,JUMPING
57,2.28,0.9020024538040161,34.87630000745412,233.202392578125,69.07109832763672,4.358736038208008,False,1.3122996091842651,True,3,0,3,double,1.7857142781116524,107.14285668669915,JUMPING
58,2.32,0.9106111526489258,32.59360000083689,241.7310791015625,77.07886505126953,8.009528160095215,False,3.981210470199585,True,3,0,3,double,1.7857142781116524,107.14285668669915,JUMPING
59,2.36,0.9079908132553101,36.25580000516493,246.5966796875,81.84870910644531,4.772517681121826,False,5.647194862365723,True,3,0,3,double,1.7857142781116524,107.14285668669915,JUMPING
60,2.4,0.8591468334197998,34.04539999610279,260.1053161621094,91.58352661132812,9.759607315063477,False,4.390084266662598,True,3,0,3,double,1.7857142781116524,107.14285668669915,JUMPING
61,2.44,0.8730828166007996,35.183699990739115,276.09857177734375,104.56415557861328,12.984368324279785,False,4.335245132446289,False,4,0,4,double,1.7857142781116524,107.14285668669915,JUMPING
62,2.48,0.8839709162712097,33.45400000398513,281.912353515625,112.71443939208984,8.159501075744629,False,3.286137819290161,False,4,0,4,double,1.7857142781116524,107.14285668669915,JUMPING
63,2.52,0.6142035722732544,33.43309999036137,277.096923828125,108.7701416015625,3.953704357147217,False,7.4816389083862305,True,4,0,4,double,1.7857142781116524,107.14285668669915,JUMPING
64,2.56,0.9131036996841431,32.74769999552518,264.0584716796875,97.68182373046875,11.093921661376953,False,6.282155513763428,True,4,0,4,double,1.7857142781116524,107.14285668669915,JUMPING
65,2.6,0.9107057452201843,31.84690000489354,256.460205078125,90.95509338378906,6.730327129364014,False,5.351900577545166,True,4,0,4,double,1.7857142781116524,107.14285668669915,JUMPING
66,2.64,0.8890264630317688,37.621800001943484,243.50042724609375,81.06906127929688,9.886055946350098,False,1.2266054153442383,True,4,0,4,double,1.7857142781116524,107.14285668669915,JUMPING
67,2.68,0.5816025733947754,34.48990000470076,234.51083374023438,71.92448425292969,9.18746280670166,False,1.722603440284729,True,4,0,4,double,1.7857142781116524,107.14285668669915,JUMPING
68,2.72,0.9133491516113281,49.8580999992555,228.6759033203125,66.11931610107422,5.832397937774658,False,6.389522552490234,True,4,0,4,double,1.7857142781116524,107.14285668669915,JUMPING
69,2.76,0.908748209476471,66.60489999921992,228.66001892089844,63.61872863769531,2.5006699562072754,False,8.2850980758667,True,4,0,4,double,1.7857142781116524,107.14285668669915,JUMPING
70,2.8,0.8998589515686035,37.43170000961982,232.4501953125,64.65376281738281,1.179127812385559,False,5.028807640075684,True,4,0,4,double,1.7857142781116524,107.14285668669915,JUMPING
71,2.84,0.7466793060302734,43.457799998577684,234.13705444335938,66.12922668457031,1.5102348327636719,False,3.6752238273620605,True,4,0,4,double,1.7857142781116524,107.14285668669915,JUMPING
72,2.88,0.9075055122375488,81.24230000248645,240.69284057617188,72.99211120605469,6.871293544769287,False,3.902704954147339,True,4,0,4,double,1.7857142781116524,107.14285668669915,JUMPING
73,2.92,0.889473557472229,67.87500000791624,252.12062072753906,84.21656799316406,11.248083114624023,False,4.0878095626831055,True,4,0,4,double,1.7857142781116524,107.14285668669915,JUMPING
74,2.96,0.9038589000701904,72.7195999934338,266.162841796875,98.67473602294922,14.47768783569336,False,3.408785104751587,False,5,0,5,double,1.8181817787737895,109.09090672642736,JUMPING
75,3.0,0.8446227312088013,42.39699999743607,279.1905517578125,110.04100799560547,11.383893013000488,False,4.029434680938721,False,5,0,5,double,1.8181817787737895,109.09090672642736,JUMPING
76,3.04,0.8503587245941162,37.80400000687223,280.0821533203125,111.97624206542969,2.0269904136657715,False,4.861502647399902,False,5,0,5,double,1.8181817787737895,109.09090672642736,JUMPING
77,3.08,0.8468576669692993,31.698600010713562,278.6673889160156,111.57380676269531,0.44526535272598267,False,4.835960388183594,False,5,0,5,double,1.8181817787737895,109.09090672642736,JUMPING
78,3.12,0.8598158955574036,33.890999999130145,268.948974609375,101.63655090332031,9.947467803955078,False,4.943798065185547,True,5,0,5,double,1.8181817787737895,109.09090672642736,JUMPING
79,3.16,0.8914885520935059,32.48199999507051,254.8141326904297,88.70901489257812,12.93833065032959,False,5.280880451202393,True,5,0,5,double,1.8181817787737895,109.09090672642736,JUMPING
80,3.2,0.9098359942436218,36.98640000948217,243.9044189453125,76.47346496582031,12.235699653625488,False,3.514986753463745,True,5,0,5,double,1.8181817787737895,109.09090672642736,JUMPING
81,3.24,0.9194111227989197,31.936300001689233,233.13967895507812,68.20134735107422,8.291711807250977,False,5.620523452758789,True,5,0,5,double,1.8181817787737895,109.09090672642736,JUMPING
82,3.28,0.9101071357727051,37.71970000525471,227.11691284179688,64.61620330810547,3.5945470333099365,False,4.30728006362915,True,5,0,5,double,1.8181817787737895,109.09090672642736,JUMPING
83,3.32,0.914874255657196,33.68209999462124,224.35720825195312,64.09032440185547,0.6051998734474182,False,3.758082866668701,True,5,0,5,double,1.8181817787737895,109.09090672642736,JUMPING
84,3.36,0.9006500244140625,31.3694999931613,228.3223419189453,65.9132080078125,1.8389852046966553,False,0.38739830255508423,True,5,0,5,double,1.8181817787737895,109.09090672642736,JUMPING
85,3.4,0.8868615031242371,35.44700000202283,235.63580322265625,71.29778289794922,5.406141757965088,False,1.3131301403045654,True,5,0,5,double,1.8181817787737895,109.09090672642736,JUMPING
86,3.44,0.8755354285240173,37.81150000577327,245.22833251953125,81.1615982055664,9.899420738220215,False,3.0318241119384766,True,5,0,5,double,1.8181817787737895,109.09090672642736,JUMPING
87,3.48,0.8702335953712463,34.74600000481587,260.815673828125,94.96878051757812,13.84794807434082,False,3.703547239303589,False,6,0,6,double,1.838235194217999,110.29411165307994,JUMPING
88,3.52,0.8814946413040161,37.68290000152774,275.1539306640625,108.50692749023438,13.57180118560791,False,2.6641945838928223,False,6,0,6,double,1.838235194217999,110.29411165307994,JUMPING
89,3.56,0.8772943019866943,32.55950000311714,282.0635986328125,115.45916748046875,6.969388961791992,False,2.8540992736816406,False,6,0,6,double,1.838235194217999,110.29411165307994,JUMPING
90,3.6,0.8799892067909241,38.24510000413284,286.0620422363281,119.74760437011719,4.288442134857178,True,4.681077003479004,False,6,0,6,double,1.838235194217999,110.29411165307994,JUMPING
91,3.64,0.8794799447059631,35.89510000892915,280.75897216796875,115.38162231445312,4.373028755187988,False,8.775171279907227,False,6,0,6,double,1.838235194217999,110.29411165307994,JUMPING
92,3.68,0.8798108100891113,31.496400013566017,265.683837890625,102.95413970947266,12.432586669921875,False,8.756614685058594,True,6,0,6,double,1.838235194217999,110.29411165307994,JUMPING
93,3.72,0.9094038605690002,37.26739999547135,251.28273010253906,88.63611602783203,14.323570251464844,False,4.211570739746094,True,6,0,6,double,1.838235194217999,110.29411165307994,JUMPING
94,3.76,0.9296455383300781,32.93120001035277,238.23422241210938,75.59651184082031,13.074971199035645,False,1.4669109582901,True,6,0,6,double,1.838235194217999,110.29411165307994,JUMPING
95,3.8,0.9320918321609497,36.4562000031583,232.17770385742188,69.23375701904297,6.3742756843566895,False,1.2093925476074219,True,6,0,6,double,1.838235194217999,110.29411165307994,JUMPING
96,3.84,0.9069535732269287,37.57860000769142,230.0742950439453,64.03411102294922,5.2078399658203125,False,3.3517327308654785,True,6,0,6,double,1.838235194217999,110.29411165307994,JUMPING
97,3.88,0.9029093980789185,32.718199989176355,229.99209594726562,62.245948791503906,1.9370921850204468,False,2.6497371196746826,True,6,0,6,double,1.838235194217999,110.29411165307994,JUMPING
98,3.92,0.9111943244934082,40.513200001441874,231.99021911621094,64.22781372070312,1.9942446947097778,False,0.27117490768432617,True,6,0,6,double,1.838235194217999,110.29411165307994,JUMPING
99,3.96,0.9182509779930115,37.71380000398494,236.5082244873047,70.07920837402344,5.856908321380615,False,2.8997457027435303,True,6,0,6,double,1.838235194217999,110.29411165307994,JUMPING
100,4.0,0.8942567110061646,40.217400004621595,247.33291625976562,79.93183898925781,9.855437278747559,False,3.4643595218658447,True,6,0,6,double,1.838235194217999,110.29411165307994,JUMPING
101,4.04,0.897881269454956,32.781800007796846,252.7928009033203,86.00914001464844,6.079585075378418,False,4.648496150970459,True,6,0,6,double,1.838235194217999,110.29411165307994,JUMPING
102,4.08,0.8946427702903748,35.77400000358466,266.11651611328125,97.61746215820312,11.638589859008789,False,5.247396945953369,False,7,0,7,double,1.8115944438961489,108.69566663376894,JUMPING
103,4.12,0.8517451882362366,32.65500000270549,279.5189208984375,107.78089904785156,10.163994789123535,False,5.217535018920898,False,7,0,7,double,1.8115944438961489,108.69566663376894,JUMPING
104,4.16,0.8689262270927429,39.76580000016838,280.4780578613281,107.97785186767578,0.47747957706451416,False,5.27870512008667,False,7,0,7,double,1.8115944438961489,108.69566663376894,JUMPING
105,4.2,0.9050764441490173,33.36240000498947,269.15679931640625,99.26044464111328,8.719077110290527,False,5.646629810333252,True,7,0,7,double,1.8115944438961489,108.69566663376894,JUMPING
106,4.24,0.8930957317352295,37.972899997839704,253.9956512451172,86.24551391601562,13.026296615600586,False,4.3062334060668945,True,7,0,7,double,1.8115944438961489,108.69566663376894,JUMPING
107,4.28,0.8948863744735718,33.92479999456555,244.54299926757812,78.65158081054688,7.60519552230835,False,3.384568452835083,True,7,0,7,double,1.8115944438961489,108.69566663376894,JUMPING
108,4.32,0.902681827545166,37.745299996458925,236.29444885253906,69.93033599853516,8.772103309631348,False,6.340357780456543,True,7,0,7,double,1.8115944438961489,108.69566663376894,JUMPING
109,4.36,0.9121677279472351,36.95280000101775,229.18896484375,63.81102752685547,6.341699123382568,False,4.2865729331970215,True,7,0,7,double,1.8115944438961489,108.69566663376894,JUMPING
110,4.4,0.9143639206886292,35.04679999605287,225.47564697265625,61.15476989746094,3.1866495609283447,False,3.274125576019287,True,7,0,7,double,1.8115944438961489,108.69566663376894,JUMPING
111,4.44,0.8933415412902832,57.05610000586603,229.46888732910156,62.332237243652344,2.2233309745788574,False,1.048128604888916,True,7,0,7,double,1.8115944438961489,108.69566663376894,JUMPING
112,4.48,0.9099042415618896,55.58519999613054,236.65582275390625,66.83772277832031,4.663685321807861,False,1.8201860189437866,True,7,0,7,double,1.8115944438961489,108.69566663376894,JUMPING
113,4.52,0.9099534153938293,51.06490000616759,241.34817504882812,69.72746276855469,2.8912577629089355,False,2.472899913787842,True,7,0,7,double,1.8115944438961489,108.69566663376894,JUMPING
114,4.56,0.9074136018753052,52.15830000815913,247.96153259277344,78.93865966796875,9.263066291809082,False,3.437274217605591,True,7,0,7,double,1.8115944438961489,108.69566663376894,JUMPING
115,4.6,0.8920580148696899,58.720499990158714,258.4557189941406,91.33624267578125,12.416001319885254,False,4.8324432373046875,True,7,0,7,double,1.8115944438961489,108.69566663376894,JUMPING
116,4.64,0.8670278787612915,49.57129999820609,270.5801696777344,104.26884460449219,12.940696716308594,False,8.806041717529297,False,8,0,8,double,1.8115944438961489,108.69566663376894,JUMPING
117,4.68,0.7393231987953186,48.97970000456553,274.3993835449219,110.05931091308594,5.797754764556885,False,8.90411376953125,False,8,0,8,double,1.8115944438961489,108.69566663376894,JUMPING
118,4.72,0.8625583648681641,31.643399997847155,268.8756103515625,104.85757446289062,5.2018303871154785,False,7.822715759277344,True,8,0,8,double,1.8115944438961489,108.69566663376894,JUMPING
119,4.76,0.8630800843238831,45.51759999594651,264.81585693359375,100.72919464111328,4.12926721572876,False,7.109528064727783,True,8,0,8,double,1.8115944438961489,108.69566663376894,JUMPING
120,4.8,0.8879565596580505,45.269599999301136,256.4599609375,91.12094116210938,9.619256973266602,False,3.1683499813079834,True,8,0,8,double,1.8115944438961489,108.69566663376894,JUMPING
121,4.84,0.9025149941444397,42.376099998364225,244.21701049804688,80.994873046875,10.126086235046387,False,1.8890222311019897,True,8,0,8,double,1.8115944438961489,108.69566663376894,JUMPING
122,4.88,0.908449113368988,35.16450000461191,236.76007080078125,72.406005859375,8.617478370666504,False,2.5506691932678223,True,8,0,8,double,1.8115944438961489,108.69566663376894,JUMPING
123,4.92,0.908301591873169,32.52839999913704,232.06224060058594,67.7679672241211,4.649655818939209,False,3.891078472137451,True,8,0,8,double,1.8115944438961489,108.69566663376894,JUMPING
124,4.96,0.9022026062011719,31.911199999740347,231.89688110351562,67.60501098632812,0.1978115439414978,False,4.230306625366211,True,8,0,8,double,1.8115944438961489,108.69566663376894,JUMPING
125,5.0,0.9016020894050598,34.27809999266174,232.67483520507812,68.3853759765625,0.7835937142372131,False,4.242783546447754,True,8,0,8,double,1.8115944438961489,108.69566663376894,JUMPING
126,5.04,0.9125868082046509,39.428300005965866,237.70675659179688,72.95550537109375,4.724466800689697,False,3.4748802185058594,True,8,0,8,double,1.8115944438961489,108.69566663376894,JUMPING
127,5.08,0.9134255051612854,32.65520000422839,246.61300659179688,81.64671325683594,8.773887634277344,False,3.6705448627471924,True,8,0,8,double,1.8115944438961489,108.69566663376894,JUMPING
128,5.12,0.8960867524147034,39.08930000034161,262.25042724609375,94.70719146728516,13.094880104064941,False,5.988369941711426,True,8,0,8,double,1.8115944438961489,108.69566663376894,JUMPING
129,5.16,0.867239236831665,32.783799993922,275.39813232421875,109.93412017822266,15.241142272949219,False,4.828556060791016,False,9,0,9,double,1.8382353956285906,110.29412373771544,JUMPING
130,5.2,0.7895007133483887,40.64660001313314,282.7203369140625,115.0149917602539,5.0839762687683105,False,7.352311611175537,False,9,0,9,double,1.8382353956285906,110.29412373771544,JUMPING
131,5.24,0.8178813457489014,33.530200002132915,285.9687805175781,117.08688354492188,2.072103500366211,True,9.904669761657715,False,9,0,9,double,1.8382353956285906,110.29412373771544,JUMPING
132,5.28,0.8961684107780457,31.684000001405366,278.50567626953125,112.59002685546875,5.050368785858154,False,7.025055885314941,True,9,0,9,double,1.8382353956285906,110.29412373771544,JUMPING
133,5.32,0.8822707533836365,39.226399996550754,265.6392822265625,99.65081787109375,12.955015182495117,False,5.994160175323486,True,9,0,9,double,1.8382353956285906,110.29412373771544,JUMPING
134,5.36,0.732384979724884,53.24639999889769,249.0244140625,85.90657043457031,13.75235366821289,False,2.8571741580963135,True,9,0,9,double,1.8382353956285906,110.29412373771544,JUMPING
135,5.4,0.9178506731987,36.27900000719819,236.30636596679688,74.89678955078125,11.01308536529541,False,3.046182155609131,True,9,0,9,double,1.8382353956285906,110.29412373771544,JUMPING
136,5.44,0.9135644435882568,35.425299996859394,229.1107635498047,68.23673248291016,6.673707485198975,False,3.398648262023926,True,9,0,9,double,1.8382353956285906,110.29412373771544,JUMPING
137,5.48,0.9134045243263245,33.769300003768876,226.052978515625,65.47630310058594,2.763918399810791,False,3.3296377658843994,True,9,0,9,double,1.8382353956285906,110.29412373771544,JUMPING
138,5.52,0.9038077592849731,35.60019998985808,227.09127807617188,65.29361724853516,0.5504197478294373,False,2.6610636711120605,True,9,0,9,double,1.8382353956285906,110.29412373771544,JUMPING
139,5.56,0.9150621891021729,35.51519999746233,231.16629028320312,67.60069274902344,2.613231897354126,False,2.498150587081909,True,9,0,9,double,1.8382353956285906,110.29412373771544,JUMPING
140,5.6,0.9042972922325134,33.687799994368106,237.38626098632812,74.97334289550781,7.427651882171631,False,1.5503123998641968,True,9,0,9,double,1.8382353956285906,110.29412373771544,JUMPING
141,5.64,0.890565812587738,37.11320000002161,250.3553009033203,85.16395568847656,10.344295501708984,False,3.476731777191162,True,9,0,9,double,1.8382353956285906,110.29412373771544,JUMPING
142,5.68,0.8686005473136902,33.143399996333756,267.1553955078125,100.05303955078125,14.931994438171387,False,4.351651191711426,True,9,0,9,double,1.8382353956285906,110.29412373771544,JUMPING
143,5.72,0.8678564429283142,38.52550000010524,276.427490234375,107.87594604492188,7.844461917877197,False,4.850123405456543,False,10,0,10,double,1.8115944438961489,108.69566663376894,JUMPING
144,5.76,0.8752553462982178,31.345299998065457,284.4012451171875,116.09132385253906,8.2211332321167,True,3.700453758239746,False,10,0,10,double,1.8115944438961489,108.69566663376894,JUMPING
145,5.8,0.8688393831253052,39.011600005324,284.55609130859375,115.11421203613281,0.995327889919281,False,2.692938804626465,False,10,0,10,double,1.8115944438961489,108.69566663376894,JUMPING
146,5.84,0.8659589290618896,33.435899997130036,270.78399658203125,103.97762298583984,11.13659954071045,False,4.060332298278809,True,10,0,10,double,1.8115944438961489,108.69566663376894,JUMPING
147,5.88,0.8826102018356323,35.75579999596812,255.44940185546875,90.3829345703125,13.607759475708008,False,2.3616385459899902,True,10,0,10,double,1.8115944438961489,108.69566663376894,JUMPING
148,5.92,0.9038814306259155,35.73590000451077,241.89173889160156,77.78361511230469,12.607040405273438,False,1.5352901220321655,True,10,0,10,double,1.8115944438961489,108.69566663376894,JUMPING
149,5.96,0.9039807915687561,36.9073999900138,234.62762451171875,71.34239196777344,6.443078994750977,False,2.7837963104248047,True,10,0,10,double,1.8115944438961489,108.69566663376894,JUMPING
150,6.0,0.9160659909248352,40.180200012400746,228.49212646484375,73.2141342163086,3.408295154571533,False,2.354165554046631,True,10,0,10,double,1.8115944438961489,108.69566663376894,JUMPING
151,6.04,0.9078477621078491,33.18839998973999,227.31265258789062,63.93931579589844,9.658743858337402,False,3.0813512802124023,True,10,0,10,double,1.8115944438961489,108.69566663376894,JUMPING
152,6.08,0.9280945658683777,34.78289999475237,229.9805908203125,67.5461654663086,3.6994221210479736,False,6.046043395996094,True,10,0,10,double,1.8115944438961489,108.69566663376894,JUMPING
153,6.12,0.9125202894210815,46.18289999780245,236.473876953125,69.5775375366211,2.1673388481140137,False,4.978923320770264,True,10,0,10,double,1.8115944438961489,108.69566663376894,JUMPING
154,6.16,0.884939968585968,62.217600003350526,245.5875244140625,77.38452911376953,7.811885833740234,False,4.2528204917907715,True,10,0,10,double,1.8115944438961489,108.69566663376894,JUMPING
155,6.2,0.8861743807792664,34.43489999335725,251.13589477539062,82.28329467773438,4.898960590362549,False,4.5032501220703125,True,10,0,10,double,1.8115944438961489,108.69566663376894,JUMPING
156,6.24,0.8765460848808289,40.246500007924624,264.09173583984375,93.623046875,11.340331077575684,False,4.762137413024902,False,11,0,11,double,1.8115944438961489,108.69566663376894,JUMPING
157,6.28,0.8623437285423279,51.584899993031286,273.6597595214844,106.0680923461914,12.445045471191406,False,12.412203788757324,False,11,0,11,double,1.8115944438961489,108.69566663376894,JUMPING
158,6.32,0.8715782165527344,39.45069998735562,281.95501708984375,111.39128875732422,5.3237128257751465,False,8.099425315856934,False,11,0,11,double,1.8115944438961489,108.69566663376894,JUMPING
159,6.36,0.8917689919471741,41.55880000325851,273.8832702636719,106.2470703125,5.1726603507995605,False,10.346999168395996,True,11,0,11,double,1.8115944438961489,108.69566663376894,JUMPING
160,6.4,0.906579315662384,41.01739999896381,261.47393798828125,94.5736083984375,11.696709632873535,False,5.718963623046875,True,11,0,11,double,1.8115944438961489,108.69566663376894,JUMPING
161,6.44,0.9076482057571411,34.43239998887293,253.52291870117188,87.58200073242188,7.00514554977417,False,2.7311160564422607,True,11,0,11,double,1.8115944438961489,108.69566663376894,JUMPING
162,6.48,0.9152761697769165,33.444399989093654,242.50990295410156,77.98273468017578,9.616410255432129,False,2.6322476863861084,True,11,0,11,double,1.8115944438961489,108.69566663376894,JUMPING
163,6.52,0.9120002388954163,39.29190000053495,232.59701538085938,69.90667724609375,8.19709587097168,False,1.2885334491729736,True,11,0,11,double,1.8115944438961489,108.69566663376894,JUMPING
164,6.56,0.9165821075439453,35.605900004156865,224.70018005371094,72.1656265258789,2.92915678024292,False,2.48480486869812,True,11,0,11,double,1.8115944438961489,108.69566663376894,JUMPING
165,6.6,0.9039673805236816,37.65630000270903,224.01568603515625,63.58406448364258,8.585183143615723,False,1.8902431726455688,True,11,0,11,double,1.8115944438961489,108.69566663376894,JUMPING
166,6.64,0.9087316989898682,35.92409999691881,227.9793243408203,66.97509002685547,3.4575486183166504,False,2.035142183303833,True,11,0,11,double,1.8115944438961489,108.69566663376894,JUMPING
167,6.68,0.9039925336837769,32.83690000534989,231.4010009765625,69.55848693847656,2.594259262084961,False,3.6025912761688232,True,11,0,11,double,1.8115944438961489,108.69566663376894,JUMPING
168,6.72,0.9147032499313354,36.96929999568965,243.219482421875,77.8454818725586,8.345723152160645,False,2.914950132369995,True,11,0,11,double,1.8115944438961489,108.69566663376894,JUMPING
169,6.76,0.903849720954895,33.66899999673478,257.19952392578125,87.5077133178711,9.669434547424316,False,4.85707950592041,True,11,0,11,double,1.8115944438961489,108.69566663376894,JUMPING
170,6.8,0.9057618379592896,35.98489999421872,272.75146484375,102.16259002685547,14.664243698120117,False,4.42337703704834,False,12,0,12,double,1.838235194217999,110.29411165307994,JUMPING
171,6.84,0.8969748616218567,33.869599996251054,283.45556640625,113.72603607177734,11.574285507202148,False,4.84048318862915,False,12,0,12,double,1.838235194217999,110.29411165307994,JUMPING
172,6.88,0.8748416304588318,38.15310000209138,284.5237121582031,117.23052978515625,3.536431312561035,False,10.6209135055542,True,12,0,12,double,1.838235194217999,110.29411165307994,JUMPING
173,6.92,0.8749629259109497,32.77930000331253,284.3450622558594,118.07843017578125,0.8850833177566528,False,10.873544692993164,False,13,0,13,double,2.1929823116692684,131.5789387001561,JUMPING
174,6.96,0.8591612577438354,38.1659000122454,273.75634765625,108.93766784667969,9.244598388671875,False,8.603763580322266,True,13,0,13,double,2.1929823116692684,131.5789387001561,JUMPING
175,7.0,0.8905525207519531,32.12560000247322,259.78564453125,95.3496322631836,13.588054656982422,False,5.198093414306641,True,13,0,13,double,2.1929823116692684,131.5789387001561,JUMPING
176,7.04,0.9047756791114807,37.2192999930121,244.8003387451172,81.26427459716797,14.086710929870605,False,5.364980697631836,True,13,0,13,double,2.1929823116692684,131.5789387001561,JUMPING
177,7.08,0.9122549295425415,38.14790000615176,233.6174774169922,70.26765441894531,10.999176979064941,False,5.406818866729736,True,13,0,13,double,2.1929823116692684,131.5789387001561,JUMPING
178,7.12,0.9104028940200806,34.41900000325404,227.72549438476562,64.9061050415039,5.362074375152588,False,4.454115867614746,True,13,0,13,double,2.1929823116692684,131.5789387001561,JUMPING
179,7.16,0.9093198776245117,37.171300005866215,225.35430908203125,63.2429313659668,1.6718546152114868,False,2.7842299938201904,True,13,0,13,double,2.1929823116692684,131.5789387001561,JUMPING
180,7.2,0.9052070379257202,32.81999999308027,230.28347778320312,64.66602325439453,1.4418779611587524,False,3.1130354404449463,True,13,0,13,double,2.1929823116692684,131.5789387001561,JUMPING
181,7.24,0.8910386562347412,34.45639999699779,236.47503662109375,69.53120422363281,4.881265163421631,False,4.886838436126709,True,13,0,13,double,2.1929823116692684,131.5789387001561,JUMPING
182,7.28,0.9124599099159241,40.584700007457286,244.5234832763672,78.65713500976562,9.128530502319336,False,5.9497270584106445,True,13,0,13,double,2.1929823116692684,131.5789387001561,JUMPING
183,7.32,0.8955928087234497,33.45769998850301,259.9075622558594,91.24632263183594,12.59163761138916,False,1.5274758338928223,True,13,0,13,double,2.1929823116692684,131.5789387001561,JUMPING
184,7.36,0.8875528573989868,36.47380000620615,273.37127685546875,105.61140441894531,14.365228652954102,False,7.053995609283447,False,14,0,14,double,2.272726977167089,136.36361863002534,JUMPING
185,7.4,0.8839429616928101,35.11070000240579,281.1797790527344,112.95036315917969,7.339305400848389,False,7.818328380584717,False,14,0,14,double,2.272726977167089,136.36361863002534,JUMPING
186,7.44,0.8954172730445862,32.56300000066403,281.1036071777344,116.27769470214844,3.328622579574585,False,11.886885643005371,False,14,0,14,double,2.272726977167089,136.36361863002534,JUMPING
187,7.48,0.8761163949966431,37.87029998784419,273.2828674316406,109.89517211914062,6.4194111824035645,False,7.019982814788818,True,14,0,14,double,2.272726977167089,136.36361863002534,JUMPING
188,7.52,0.9007302522659302,32.36260000267066,258.7037048339844,96.72457885742188,13.174449920654297,False,7.040375709533691,True,14,0,14,double,2.272726977167089,136.36361863002534,JUMPING
189,7.56,0.918032169342041,35.171099996659905,243.5028533935547,83.31752014160156,13.40743350982666,False,3.178283214569092,True,14,0,14,double,2.272726977167089,136.36361863002534,JUMPING
190,7.6,0.9149826765060425,44.980199993005954,231.131103515625,73.07784271240234,10.247418403625488,False,3.488440752029419,True,14,0,14,double,2.272726977167089,136.36361863002534,JUMPING
191,7.64,0.9133616089820862,36.554899998009205,224.95706176757812,67.74818420410156,5.335107326507568,False,3.1254215240478516,True,14,0,14,double,2.272726977167089,136.36361863002534,JUMPING
192,7.68,0.9035427570343018,32.453699997859076,224.13967895507812,64.7073745727539,3.043440818786621,False,3.3994288444519043,True,14,0,14,double,2.272726977167089,136.36361863002534,JUMPING
193,7.72,0.9036321640014648,36.11119999550283,226.98867797851562,64.98067474365234,0.4893079400062561,False,2.8171284198760986,True,14,0,14,double,2.272726977167089,136.36361863002534,JUMPING
194,7.76,0.9083787798881531,32.129499988514,231.3717041015625,68.67182922363281,3.725959539413452,False,3.639958143234253,True,14,0,14,double,2.272726977167089,136.36361863002534,JUMPING
195,7.8,0.9110807776451111,38.629700007732026,242.70401000976562,76.80084228515625,8.130868911743164,False,5.056288719177246,True,14,0,14,double,2.272726977167089,136.36361863002534,JUMPING
196,7.84,0.8856347799301147,36.6686000052141,256.7982177734375,88.45858001708984,11.69074535369873,False,5.329372406005859,True,14,0,14,double,2.272726977167089,136.36361863002534,JUMPING
197,7.88,0.9157497882843018,57.36619999515824,264.0091552734375,95.80357360839844,7.359292030334473,False,2.8611178398132324,True,14,0,14,double,2.272726977167089,136.36361863002534,JUMPING
198,7.92,0.8748388886451721,53.65940000046976,274.10614013671875,109.32073211669922,13.544901847839355,False,3.5824742317199707,False,15,0,15,double,2.272726977167089,136.36361863002534,JUMPING
199,7.96,0.7998993992805481,37.289600004442036,279.7152404785156,114.4638900756836,5.198635578155518,False,2.4217379093170166,False,15,0,15,double,2.272726977167089,136.36361863002534,JUMPING
200,8.0,0.6044551134109497,41.36409999046009,274.41265869140625,111.73896789550781,3.710542678833008,False,2.3606221675872803,True,15,0,15,double,2.272726977167089,136.36361863002534,JUMPING
201,8.04,0.840463399887085,56.109599987394176,262.6696472167969,101.36317443847656,10.436347007751465,False,4.690305709838867,True,15,0,15,double,2.272726977167089,136.36361863002534,JUMPING
202,8.08,0.9042505025863647,41.09930001141038,248.98190307617188,88.573486328125,12.81754207611084,False,3.312518358230591,True,15,0,15,double,2.272726977167089,136.36361863002534,JUMPING
203,8.12,0.9063825607299805,45.37279999931343,240.3426971435547,81.59011840820312,7.012248992919922,False,2.402987241744995,True,15,0,15,double,2.272726977167089,136.36361863002534,JUMPING
204,8.16,0.9114624261856079,58.41870000585914,234.15965270996094,73.41352081298828,8.184269905090332,False,1.2092764377593994,True,15,0,15,double,2.272726977167089,136.36361863002534,JUMPING
205,8.2,0.9190809726715088,44.08029999467544,227.10574340820312,67.88007354736328,5.596628665924072,False,3.6242053508758545,True,15,0,15,double,2.272726977167089,136.36361863002534,JUMPING
206,8.24,0.9122929573059082,32.633199996780604,225.396728515625,65.46638488769531,2.6814723014831543,False,2.346691131591797,True,15,0,15,double,2.272726977167089,136.36361863002534,JUMPING
207,8.28,0.9199832677841187,34.774900006596,227.51206970214844,67.3176040649414,2.206191301345825,False,1.6851285696029663,True,15,0,15,double,2.272726977167089,136.36361863002534,JUMPING
208,8.32,0.9132541418075562,34.94729999511037,235.91102600097656,80.7119140625,13.493672370910645,False,1.8652373552322388,True,15,0,15,double,2.272726977167089,136.36361863002534,JUMPING
209,8.36,0.9113876223564148,39.627599995583296,241.11843872070312,79.17090606689453,2.017486572265625,False,1.602137565612793,True,15,0,15,double,2.272726977167089,136.36361863002534,JUMPING
210,8.4,0.9075349569320679,34.10400000575464,249.37835693359375,86.5045166015625,7.575113773345947,False,5.506999969482422,True,15,0,15,double,2.272726977167089,136.36361863002534,JUMPING
211,8.44,0.8833327293395996,36.437700007809326,262.6273193359375,99.9649658203125,13.461896896362305,False,2.384967088699341,False,16,0,16,double,2.27272743897991,136.36364633879458,JUMPING
212,8.48,0.8536946773529053,33.40899999602698,277.2164306640625,108.58167266845703,8.703279495239258,False,2.267432928085327,False,16,0,16,double,2.27272743897991,136.36364633879458,JUMPING
213,8.52,0.7141221165657043,36.60999999556225,282.59100341796875,115.35652923583984,6.786304950714111,False,2.9236791133880615,False,16,0,16,double,2.27272743897991,136.36364633879458,JUMPING
214,8.56,0.8231555223464966,34.20790001109708,276.5245666503906,112.48329162597656,3.0473365783691406,False,5.950012683868408,True,16,0,16,double,2.27272743897991,136.36364633879458,JUMPING
215,8.6,0.7896759510040283,35.13340000063181,271.0260925292969,108.14800262451172,4.348193645477295,False,6.793929100036621,True,16,0,16,double,2.27272743897991,136.36364633879458,JUMPING
216,8.64,0.8975525498390198,33.16669999912847,259.560302734375,98.0523681640625,10.135211944580078,False,5.971251964569092,True,16,0,16,double,2.27272743897991,136.36364633879458,JUMPING
217,8.68,0.8787020444869995,37.99029999936465,247.45150756835938,84.92698669433594,13.125821113586426,False,5.077729225158691,True,16,0,16,double,2.27272743897991,136.36364633879458,JUMPING
218,8.72,0.9041715264320374,34.18829999282025,236.39271545410156,73.56832885742188,11.444503784179688,False,3.387657403945923,True,16,0,16,double,2.27272743897991,136.36364633879458,JUMPING
219,8.76,0.9224240779876709,36.97630000533536,229.26730346679688,66.80027770996094,6.892293930053711,False,1.4817535877227783,True,16,0,16,double,2.27272743897991,136.36364633879458,JUMPING
220,8.8,0.904365599155426,39.695200001006015,227.90084838867188,64.43576049804688,2.5104386806488037,False,2.372791051864624,True,16,0,16,double,2.27272743897991,136.36364633879458,JUMPING
221,8.84,0.9069433808326721,34.63789999659639,227.736083984375,64.52894592285156,0.18892520666122437,False,4.161440849304199,True,16,0,16,double,2.27272743897991,136.36364633879458,JUMPING
222,8.88,0.8947524428367615,37.730500000179745,231.93409729003906,67.55364227294922,3.067164659500122,False,1.813181757926941,True,16,0,16,double,2.27272743897991,136.36364633879458,JUMPING
223,8.92,0.9064714312553406,34.94919999502599,239.10842895507812,74.46037292480469,6.919818878173828,False,2.5553956031799316,True,16,0,16,double,2.27272743897991,136.36364633879458,JUMPING
224,8.96,0.8946530222892761,33.6542000004556,250.8878936767578,86.17341613769531,11.713215827941895,False,4.243414878845215,True,16,0,16,double,2.27272743897991,136.36364633879458,JUMPING
225,9.0,0.892823338508606,38.480899995192885,268.635986328125,103.3974609375,17.228776931762695,False,3.566592216491699,False,17,0,17,double,2.27272743897991,136.36364633879458,JUMPING
226,9.04,0.8925135731697083,34.30349999689497,277.97052001953125,113.21991729736328,9.94383430480957,False,3.129870891571045,False,17,0,17,double,2.27272743897991,136.36364633879458,JUMPING
227,9.08,0.8950464129447937,36.98489999806043,281.34539794921875,117.32952880859375,4.110437870025635,False,3.4620940685272217,False,17,0,17,double,2.27272743897991,136.36364633879458,JUMPING
228,9.12,0.8604271411895752,35.51020000304561,279.4805908203125,116.98870849609375,1.353762149810791,False,7.3236799240112305,False,17,0,17,double,2.27272743897991,136.36364633879458,JUMPING
229,9.16,0.8629948496818542,35.25330001139082,271.5362548828125,105.8603286743164,11.231060981750488,False,4.82816219329834,True,17,0,17,double,2.27272743897991,136.36364633879458,JUMPING
230,9.2,0.9120643138885498,35.35829999600537,259.75885009765625,92.70087432861328,13.163200378417969,False,2.678199052810669,True,17,0,17,double,2.27272743897991,136.36364633879458,JUMPING
231,9.24,0.90973299741745,38.770500003010966,244.85043334960938,79.58485412597656,13.153681755065918,False,3.4298551082611084,True,17,0,17,double,2.27272743897991,136.36364633879458,JUMPING
232,9.28,0.9268997311592102,30.690499988850206,234.02389526367188,70.22535705566406,9.360074996948242,False,4.021740436553955,True,17,0,17,double,2.27272743897991,136.36364633879458,JUMPING
233,9.32,0.9254927039146423,42.70160000305623,227.9647216796875,65.89024353027344,4.338088035583496,False,5.668563365936279,True,17,0,17,double,2.27272743897991,136.36364633879458,JUMPING
234,9.36,0.9219549894332886,32.17659999791067,226.55303955078125,63.54328918457031,2.3845765590667725,False,6.963922023773193,True,17,0,17,double,2.27272743897991,136.36364633879458,JUMPING
235,9.4,0.8905941843986511,35.33519999473356,230.0376434326172,64.8994369506836,1.3572663068771362,False,2.837100028991699,True,17,0,17,double,2.27272743897991,136.36364633879458,JUMPING
236,9.44,0.9112398624420166,36.905100001604296,238.10986328125,69.83662414550781,4.951333045959473,False,0.4204603433609009,True,17,0,17,double,2.27272743897991,136.36364633879458,JUMPING
237,9.48,0.9030770063400269,33.21160000632517,246.82415771484375,79.51213836669922,9.688907623291016,False,2.1783413887023926,True,17,0,17,double,2.27272743897991,136.36364633879458,JUMPING
238,9.52,0.9043924808502197,40.184099998441525,262.62188720703125,93.41514587402344,13.906230926513672,False,1.913666844367981,False,18,0,18,double,1.9230765527522784,115.3845931651367,JUMPING
239,9.56,0.9075993299484253,32.097300005261786,270.40875244140625,101.01763916015625,7.605329990386963,False,1.9926424026489258,False,18,0,18,double,1.9230765527522784,115.3845931651367,JUMPING
240,9.6,0.8612432479858398,41.989599994849414,281.231689453125,111.28941345214844,10.282486915588379,False,3.291185140609741,False,18,0,18,double,1.9230765527522784,115.3845931651367,JUMPING
241,9.64,0.7651090025901794,51.31219999748282,284.40338134765625,115.17447662353516,4.091042518615723,False,3.1549315452575684,False,18,0,18,double,1.9230765527522784,115.3845931651367,JUMPING
242,9.68,0.8936651945114136,46.47299999487586,275.6985168457031,110.09136962890625,5.615747928619385,False,5.0477447509765625,False,18,0,18,double,1.9230765527522784,115.3845931651367,JUMPING
243,9.72,0.9020681381225586,44.62790000252426,260.58306884765625,97.882080078125,12.230010032653809,False,3.0908634662628174,True,18,0,18,double,1.9230765527522784,115.3845931651367,JUMPING
244,9.76,0.9104079604148865,42.864999995799735,246.98211669921875,82.99838256835938,14.906418800354004,False,1.9710923433303833,True,18,0,18,double,1.9230765527522784,115.3845931651367,JUMPING
245,9.8,0.90850830078125,58.34119999781251,239.1412353515625,75.28778076171875,7.737295150756836,False,3.0308923721313477,True,18,0,18,double,1.9230765527522784,115.3845931651367,JUMPING
246,9.84,0.9227489233016968,41.65559999819379,231.64239501953125,67.98847198486328,7.364698886871338,False,3.329857349395752,True,18,0,18,double,1.9230765527522784,115.3845931651367,JUMPING
247,9.88,0.9193160533905029,42.47729999769945,225.202392578125,63.24568176269531,4.751637935638428,False,5.695942401885986,True,18,0,18,double,1.9230765527522784,115.3845931651367,JUMPING
248,9.92,0.9310010075569153,42.05069999443367,225.02316284179688,62.392295837402344,0.959679365158081,False,3.693466901779175,True,18,0,18,double,1.9230765527522784,115.3845931651367,JUMPING
249,9.96,0.8914667963981628,36.28620000381488,229.00753784179688,65.59856414794922,3.2172563076019287,False,3.7613916397094727,True,18,0,18,double,1.9230765527522784,115.3845931651367,JUMPING
250,10.0,0.9116343259811401,41.94179999467451,235.93316650390625,72.76800537109375,7.173006057739258,False,3.5649466514587402,True,18,0,18,double,1.9230765527522784,115.3845931651367,JUMPING
251,10.04,0.9105912446975708,37.76619999553077,239.7802276611328,77.18551635742188,4.4221954345703125,False,3.5760550498962402,True,18,0,18,double,1.9230765527522784,115.3845931651367,JUMPING
252,10.08,0.9002365469932556,35.63249998842366,253.4278564453125,86.60858154296875,9.436376571655273,False,3.434114694595337,True,18,0,18,double,1.9230765527522784,115.3845931651367,JUMPING
253,10.12,0.9000909328460693,39.288400002988055,270.1934509277344,100.6745834350586,14.078451156616211,False,3.8978967666625977,False,19,0,19,double,1.8115944438961489,108.69566663376894,JUMPING
254,10.16,0.884343683719635,32.458200003020465,281.69122314453125,113.61307525634766,13.00959300994873,False,7.77163028717041,False,19,0,19,double,1.8115944438961489,108.69566663376894,JUMPING
255,10.2,0.8867776393890381,39.89919999730773,280.6969299316406,114.5759506225586,1.4768401384353638,False,9.56464958190918,False,19,0,19,double,1.8115944438961489,108.69566663376894,JUMPING
256,10.24,0.8303883075714111,34.971099987160414,269.7447509765625,105.285888671875,9.362333297729492,False,9.045194625854492,True,19,0,19,double,1.8115944438961489,108.69566663376894,JUMPING
257,10.28,0.8458376526832581,37.9627999936929,263.0587158203125,99.12930297851562,6.187363147735596,False,8.332803726196289,True,19,0,19,double,1.8115944438961489,108.69566663376894,JUMPING
258,10.32,0.8511053323745728,35.43010000430513,252.88568115234375,89.05696868896484,10.14828109741211,False,6.93104887008667,True,19,0,19,double,1.8115944438961489,108.69566663376894,JUMPING
259,10.36,0.8851685523986816,36.75149999617133,242.27749633789062,78.20896911621094,10.93773078918457,False,3.6946141719818115,True,19,0,19,double,1.8115944438961489,108.69566663376894,JUMPING
260,10.4,0.9135254621505737,30.825599998934194,232.23489379882812,70.64215087890625,8.363526344299316,False,2.229142904281616,True,19,0,19,double,1.8115944438961489,108.69566663376894,JUMPING
261,10.44,0.9041762351989746,42.818999994779006,227.86898803710938,65.87017059326172,5.588334560394287,False,3.483767032623291,True,19,0,19,double,1.8115944438961489,108.69566663376894,JUMPING
262,10.48,0.4224536716938019,34.345100008067675,229.32101440429688,65.79303741455078,1.9349867105484009,False,2.804410457611084,True,19,0,19,double,1.8115944438961489,108.69566663376894,JUMPING
263,10.52,0.89406418800354,52.65509999298956,230.30282592773438,66.50135040283203,0.9177009463310242,False,9.90634822845459,True,19,0,19,double,1.8115944438961489,108.69566663376894,JUMPING
264,10.56,0.9066570997238159,35.96639999886975,236.13470458984375,72.36241149902344,6.0501813888549805,False,0.5367982387542725,True,19,0,19,double,1.8115944438961489,108.69566663376894,JUMPING
265,10.6,0.8860175013542175,38.248500000918284,249.24197387695312,82.66984558105469,10.4487886428833,False,5.277229309082031,True,19,0,19,double,1.8115944438961489,108.69566663376894,JUMPING
266,10.64,0.8819549083709717,39.14190000796225,267.18865966796875,96.81785583496094,14.209314346313477,False,8.708128929138184,False,20,0,20,double,1.838235194217999,110.29411165307994,JUMPING
267,10.68,0.8993440866470337,34.36930000316352,277.5545959472656,111.27444458007812,14.496456146240234,False,12.428571701049805,False,20,0,20,double,1.838235194217999,110.29411165307994,JUMPING
268,10.72,0.8727853298187256,38.61469999537803,281.8668212890625,116.2379150390625,5.001073837280273,False,9.03661060333252,False,20,0,20,double,1.838235194217999,110.29411165307994,JUMPING
269,10.76,0.8841131925582886,31.383000008645467,282.6359558105469,117.17357635498047,2.456165075302124,False,10.641905784606934,False,20,0,20,double,1.838235194217999,110.29411165307994,JUMPING
270,10.8,0.8890085816383362,41.625500001828186,275.05902099609375,111.53215026855469,5.650236129760742,False,10.671381950378418,True,20,0,20,double,1.838235194217999,110.29411165307994,JUMPING
271,10.84,0.887259840965271,36.33790000458248,262.68463134765625,98.48390197753906,13.04845142364502,False,12.039283752441406,True,20,0,20,double,1.838235194217999,110.29411165307994,JUMPING
272,10.88,0.9078894853591919,34.96029999223538,248.8494873046875,84.6246337890625,13.866196632385254,False,14.042357444763184,True,20,0,20,double,1.838235194217999,110.29411165307994,JUMPING
273,10.92,0.9053500890731812,36.94260001066141,237.7528533935547,73.38470458984375,11.25732421875,False,11.9431734085083,True,20,0,20,double,1.838235194217999,110.29411165307994,JUMPING
274,10.96,0.9135803580284119,31.823699988308363,229.3260955810547,66.44304656982422,6.943167686462402,False,5.271584510803223,True,20,0,20,double,1.838235194217999,110.29411165307994,JUMPING
275,11.0,0.9162998795509338,38.518900008057244,225.91261291503906,63.89928436279297,2.545238733291626,False,3.672314405441284,True,20,0,20,double,1.838235194217999,110.29411165307994,JUMPING
276,11.04,0.9002516269683838,41.52769999927841,227.87765502929688,63.63270950317383,1.0628132820129395,False,0.6630074381828308,True,20,0,20,double,1.838235194217999,110.29411165307994,JUMPING
277,11.08,0.915445864200592,39.35859999910463,233.4169158935547,68.31314086914062,4.781148433685303,False,2.084874153137207,True,20,0,20,double,1.838235194217999,110.29411165307994,JUMPING
278,11.12,0.9143630862236023,41.59559999243356,242.1590576171875,76.21009826660156,7.9127044677734375,False,3.751382350921631,True,20,0,20,double,1.838235194217999,110.29411165307994,JUMPING
279,11.16,0.8853121399879456,36.14929999457672,257.40576171875,87.51927185058594,11.343559265136719,False,4.726372241973877,True,20,0,20,double,1.838235194217999,110.29411165307994,JUMPING
280,11.2,0.9031679630279541,34.39109999453649,271.79547119140625,103.27903747558594,15.766871452331543,False,4.748349189758301,True,20,0,20,double,1.838235194217999,110.29411165307994,JUMPING
281,11.24,0.9031171798706055,37.5004999950761,278.17852783203125,111.19536590576172,7.927448272705078,False,5.502375602722168,False,21,0,21,double,1.7857140880458429,107.14284528275057,JUMPING
282,11.28,0.9035594463348389,32.2427999926731,280.340576171875,114.617431640625,3.4278929233551025,False,6.02761173248291,False,21,0,21,double,1.7857140880458429,107.14284528275057,JUMPING
283,11.32,0.00958867184817791,37.032600012025796,0.0,,0.0,False,0.0,False,21,0,21,unknown,0.0,0.0,JUMPING
284,11.36,0.00958867184817791,44.92109999409877,0.0,,0.0,False,0.0,False,21,0,21,unknown,0.0,0.0,JUMPING
285,11.4,0.00958867184817791,52.6428000011947,0.0,,0.0,False,0.0,False,21,0,21,unknown,0.0,0.0,JUMPING
286,11.44,0.009927758947014809,61.40550000418443,0.0,,0.0,False,0.0,False,21,0,21,unknown,0.0,0.0,JUMPING
287,11.48,0.009072758257389069,57.98769999819342,0.0,,0.0,False,0.0,False,21,0,21,unknown,0.0,0.0,JUMPING
288,11.52,0.011365009471774101,44.782900004065596,0.0,,0.0,False,0.0,False,21,0,21,unknown,0.0,0.0,JUMPING
