frame_idx,timestamp,best_conf,infer_ms,hip_y,head_y,head_move_px,head_drop_event,ankle_distance,is_airborne,jump_count,single_count,double_count,jump_type,freq_hz,spm,state,ground_y,person_h
0,0.0,0.8919734954833984,35.19819999928586,277.2983093261719,106.61862182617188,0.0,False,9.665461540222168,False,0,0,0,unknown,0.0,0.0,IDLE,,366.28342761993406
1,0.04,0.8994433879852295,32.52310000243597,275.04571533203125,111.20230865478516,4.667319297790527,False,4.562710285186768,False,0,0,0,unknown,0.0,0.0,IDLE,,370.6041820049286
2,0.08,0.8846190571784973,33.846599981188774,283.60009765625,119.40789794921875,8.365764617919922,False,3.2662272453308105,False,0,0,0,unknown,0.0,0.0,IDLE,,366.17809062004085
3,0.12,0.906267523765564,33.06780001730658,290.13726806640625,124.26163482666016,4.868200302124023,False,4.661646366119385,False,0,0,0,unknown,0.0,0.0,IDLE,,361.0761124610901
4,0.16,0.9108693599700928,32.44100001757033,291.16015625,124.77596282958984,1.8804658651351929,False,7.02392053604126,False,0,0,0,double,0.0,0.0,IDLE,,361.2822962760925
5,0.2,0.9107930660247803,33.07850001147017,290.9502258300781,125.40819549560547,0.8404449820518494,False,8.664836883544922,False,0,0,0,double,0.0,0.0,IDLE,,362.4927315711975
6,0.24,0.900922417640686,30.133699998259544,285.4163818359375,119.97795104980469,5.9581804275512695,False,6.555492877960205,False,0,0,0,double,0.0,0.0,IDLE,,360.5866937160492
7,0.28,0.7161139249801636,32.68400000524707,275.812744140625,109.1247329711914,10.868552207946777,False,11.167510986328125,False,0,0,0,double,0.0,0.0,IDLE,,373.4212373256683
8,0.32,0.5818795561790466,33.99570001056418,261.34344482421875,92.13665771484375,17.010122299194336,False,11.971128463745117,False,0,0,0,double,0.0,0.0,IDLE,,397.57942295074463
9,0.36,0.8796975016593933,31.843600008869544,250.11370849609375,75.3490982055664,16.80575180053711,False,7.670767307281494,False,0,0,0,double,0.0,0.0,IDLE,,399.5916183471679
10,0.4,0.9153321981430054,30.40999997756444,238.72406005859375,63.92649459838867,11.481996536254883,False,10.437281608581543,True,0,0,0,double,0.0,0.0,IDLE,418.9589761352539,403.6355881690979
11,0.44,0.9124318957328796,36.83009999804199,232.5385284423828,59.25798034667969,4.728021621704102,False,11.841050148010254,True,0,0,0,double,0.0,0.0,IDLE,418.9589761352539,398.8217909812927
12,0.48,0.9176694750785828,33.84869999717921,226.95706176757812,55.43641662597656,4.562617301940918,False,13.132512092590332,True,0,0,0,double,0.0,0.0,IDLE,418.9589761352539,406.45505952835083
13,0.52,0.8988295197486877,32.16889998293482,223.82266235351562,55.0805549621582,0.7993701100349426,False,13.43936824798584,True,0,0,0,double,0.0,0.0,IDLE,418.9589761352539,396.7976521492004
14,0.56,0.8772270083427429,36.86500000185333,225.79519653320312,57.37604904174805,2.901827096939087,False,12.066844940185547,True,0,0,0,double,0.0,0.0,IDLE,418.9589761352539,402.65622644424434
15,0.6,0.8927930593490601,32.1408000017982,230.35675048828125,63.52607345581055,6.15817403793335,False,6.432219505310059,True,0,0,0,double,0.0,0.0,IDLE,418.9589761352539,397.91462550163266
16,0.64,0.8842443227767944,32.13619999587536,234.23300170898438,67.48980712890625,3.965092420578003,False,4.557840347290039,True,0,0,0,double,0.0,0.0,IDLE,418.9589761352539,397.3324969768524
17,0.68,0.7786831855773926,37.01950001413934,241.7520751953125,76.44174194335938,8.954625129699707,False,6.265170574188232,True,0,0,0,double,0.0,0.0,IDLE,418.9589761352539,394.7669717788696
18,0.72,0.7835777997970581,29.811699991114438,255.960693359375,90.7166748046875,14.275017738342285,False,7.058075904846191,True,0,0,0,double,0.0,0.0,IDLE,418.9589761352539,377.939138174057
19,0.76,0.8986921310424805,29.627300013089553,271.5679931640625,106.97905731201172,16.269201278686523,False,8.442912101745605,True,0,0,0,double,0.0,0.0,IDLE,418.9589761352539,367.4458840370178
20,0.8,0.8894721269607544,36.20850000879727,281.31951904296875,118.0224838256836,11.043792724609375,False,5.117824077606201,False,1,0,1,double,0.0,0.0,JUMPING,418.9589761352539,362.15114703178403
21,0.84,0.45295649766921997,51.63709999760613,284.71240234375,118.44357299804688,1.6777714490890503,False,5.656669616699219,True,1,0,1,double,0.0,0.0,JUMPING,418.9589761352539,363.0013874530792
22,0.88,0.8006974458694458,43.51459999452345,278.38531494140625,107.73958587646484,10.706892013549805,False,6.990816593170166,True,1,0,1,double,0.0,0.0,JUMPING,418.9589761352539,383.6242819309234
23,0.92,0.8267228603363037,38.2464999856893,271.42193603515625,100.70626831054688,7.0538835525512695,False,6.537403583526611,True,1,0,1,double,0.0,0.0,JUMPING,418.9589761352539,382.9803506851196
24,0.96,0.9021448493003845,43.076800007838756,259.2213134765625,89.49544525146484,11.219809532165527,False,5.080626964569092,True,1,0,1,double,0.0,0.0,JUMPING,418.9589761352539,386.3646622180938
25,1.0,0.8834829926490784,176.49929999606684,247.1444091796875,77.39871215820312,12.304394721984863,False,2.3406550884246826,True,1,0,1,double,0.0,0.0,JUMPING,418.9589761352539,383.85382838249205
26,1.04,0.9109245538711548,93.39759999420494,236.596435546875,70.92530059814453,6.615830421447754,False,5.415750026702881,True,1,0,1,double,0.0,0.0,JUMPING,418.9589761352539,380.77421121597285
27,1.08,0.9205098748207092,59.50860001030378,229.4010009765625,64.74645233154297,6.209385871887207,False,3.6500914096832275,True,1,0,1,double,0.0,0.0,JUMPING,418.9589761352539,385.27359290122985
28,1.12,0.9196267127990723,46.703800006071106,227.92105102539062,63.482757568359375,1.5912736654281616,False,0.34851282835006714,True,1,0,1,double,0.0,0.0,JUMPING,418.9589761352539,393.31819200515747
29,1.16,0.9059432148933411,52.57510000956245,227.91641235351562,64.05924224853516,0.8144043684005737,False,2.5285158157348633,True,1,0,1,double,0.0,0.0,JUMPING,418.9589761352539,395.09101724624634
30,1.2,0.9025558233261108,55.945999978575855,233.17562866210938,68.71456146240234,4.833967685699463,False,2.6477675437927246,True,1,0,1,double,0.0,0.0,JUMPING,418.9589761352539,397.72128543853756
31,1.24,0.9020799398422241,55.62649999046698,239.43966674804688,76.4629135131836,8.014664649963379,False,2.556239604949951,True,1,0,1,double,0.0,0.0,JUMPING,418.9589761352539,389.97928376197814
32,1.28,0.8633243441581726,30.451900005573407,252.790771484375,88.8115005493164,12.626559257507324,False,4.659884452819824,True,1,0,1,double,0.0,0.0,JUMPING,418.9589761352539,377.1652081012726
33,1.32,0.9014313817024231,30.9125000203494,268.2850341796875,103.92001342773438,15.190618515014648,False,5.891851425170898,True,1,0,1,double,0.0,0.0,JUMPING,418.9589761352539,367.61501812934875
34,1.36,0.9030283689498901,38.59179999562912,276.95916748046875,114.11612701416016,10.2792329788208,False,9.604771614074707,True,1,0,1,double,0.0,0.0,JUMPING,418.9589761352539,364.8576230049133
35,1.4,0.9002861380577087,32.856599980732426,282.2100830078125,119.57796478271484,5.491389751434326,False,13.071627616882324,True,1,0,1,double,0.0,0.0,JUMPING,418.9589761352539,365.2186954021454
36,1.44,0.370879203081131,35.496899974532425,282.2764587402344,115.99913024902344,4.1276068687438965,False,12.530237197875977,True,1,0,1,double,0.0,0.0,JUMPING,418.9589761352539,365.09628658294673
37,1.48,0.8755849599838257,31.9166999834124,271.6229248046875,104.42230224609375,11.595963478088379,False,5.293084144592285,True,1,0,1,double,0.0,0.0,JUMPING,418.9589761352539,374.75556297302245
38,1.52,0.8745502829551697,41.51280000223778,258.99676513671875,90.06658935546875,14.358452796936035,False,2.6530508995056152,True,1,0,1,double,0.0,0.0,JUMPING,418.9589761352539,380.35934777259826
39,1.56,0.9111382365226746,31.34649997809902,246.07199096679688,76.92827606201172,13.139569282531738,False,6.477904319763184,True,1,0,1,double,0.0,0.0,JUMPING,418.9589761352539,386.2013288974762
40,1.6,0.9007624387741089,29.854599997634068,236.52639770507812,68.11275482177734,8.840765953063965,False,12.918414115905762,True,1,0,1,double,0.0,0.0,JUMPING,418.9589761352539,384.42878856658933
41,1.64,0.9016377925872803,32.18229999765754,230.54080200195312,64.34937286376953,3.7804410457611084,False,15.158150672912598,True,1,0,1,double,0.0,0.0,JUMPING,418.9589761352539,384.83167438507076
42,1.68,0.9096239805221558,36.184500000672415,225.991943359375,63.278045654296875,1.0716309547424316,False,13.453022956848145,True,1,0,1,double,0.0,0.0,JUMPING,418.9589761352539,381.6112204074859
43,1.72,0.8957094550132751,38.33019998273812,225.93319702148438,65.13282775878906,1.857890248298645,False,7.275575160980225,True,1,0,1,double,0.0,0.0,JUMPING,418.9589761352539,381.98184299468994
44,1.76,0.877303421497345,30.797499988693744,231.54278564453125,70.9312515258789,5.799048900604248,False,2.7710719108581543,True,1,0,1,double,0.0,0.0,JUMPING,418.9589761352539,383.2176239013672
45,1.8,0.8546859622001648,36.336899996967986,241.02667236328125,81.35974884033203,10.431987762451172,False,6.733578205108643,True,1,0,1,double,0.0,0.0,JUMPING,418.9589761352539,385.29808378219604
46,1.84,0.7872735857963562,33.219900011317804,255.38059997558594,96.22058868408203,14.894339561462402,False,5.590343952178955,True,1,0,1,double,0.0,0.0,JUMPING,418.9589761352539,365.6192905426025
47,1.88,0.7955613136291504,32.83730000839569,264.5738525390625,104.17449951171875,7.970333576202393,False,7.886284351348877,True,1,0,1,double,0.0,0.0,JUMPING,418.9589761352539,364.99295535087583
48,1.92,0.8045487403869629,32.194500003242865,275.6675720214844,113.07943725585938,8.905340194702148,False,12.91097640991211,True,1,0,1,double,0.0,0.0,JUMPING,418.9589761352539,365.52131562232967
49,1.96,0.7510693073272705,36.02659999160096,277.9640808105469,114.6203842163086,1.6204323768615723,False,4.344501972198486,True,1,0,1,double,0.0,0.0,JUMPING,418.9589761352539,355.80289187431333
50,2.0,0.8114384412765503,41.472200013231486,270.77886962890625,105.85018157958984,8.842875480651855,False,5.236324787139893,True,1,0,1,double,0.0,0.0,JUMPING,418.9589761352539,373.64317097663877
51,2.04,0.8454498648643494,33.686599985230714,260.2806091308594,91.77667999267578,14.447592735290527,False,5.800744533538818,True,1,0,1,double,0.0,0.0,JUMPING,418.9589761352539,382.3341743469238
52,2.08,0.7017398476600647,32.49270000378601,248.24755859375,79.56097412109375,12.254096031188965,False,9.177223205566406,True,1,0,1,double,0.0,0.0,JUMPING,418.9589761352539,383.5026936531067
53,2.12,0.8540705442428589,32.75429998757318,241.18142700195312,73.02501678466797,6.563948631286621,False,9.812217712402344,True,1,0,1,double,0.0,0.0,JUMPING,418.9589761352539,381.10182375907897
54,2.16,0.9246779680252075,37.41099999751896,234.01695251464844,67.38351440429688,5.6457839012146,False,9.225939750671387,True,1,0,1,double,0.0,0.0,JUMPING,418.9589761352539,381.10736241340635
55,2.2,0.9127039909362793,31.207400024868548,227.93328857421875,64.11299133300781,3.296048641204834,False,7.119160175323486,True,1,0,1,double,0.0,0.0,JUMPING,418.9589761352539,382.914183139801
56,2.24,0.8841434717178345,36.74929999397136,228.3721923828125,71.28885650634766,7.392216205596924,False,4.5292487144470215,True,1,0,1,double,0.0,0.0,JUMPING,418.9589761352539,382.2241648197174
57,2.28,0.9020024538040161,33.342699985951185,231.2845458984375,70.98076629638672,0.8316909074783325,False,2.037276268005371,True,1,0,1,double,0.0,0.0,JUMPING,418.9589761352539,391.14235558509824
58,2.32,0.9106111526489258,34.524999995483086,238.61038208007812,77.07884216308594,6.257969379425049,False,4.772444725036621,True,1,0,1,double,0.0,0.0,STOPPED_ACTIVE,418.9589761352539,390.6485834121704
59,2.36,0.9079908132553101,34.7499999916181,243.68267822265625,79.83411407470703,2.900918960571289,False,5.822042942047119,True,1,0,1,double,0.0,0.0,STOPPED_ACTIVE,418.9589761352539,388.2410694122314
60,2.4,0.8591468334197998,32.07519999705255,256.3727722167969,89.41785430908203,9.618090629577637,False,3.5457162857055664,True,1,0,1,double,0.0,0.0,STOPPED_ACTIVE,418.9589761352539,375.6583978176117
61,2.44,0.8730828166007996,33.95989999989979,271.9081115722656,102.74508666992188,13.331419944763184,False,4.105395793914795,True,1,0,1,double,0.0,0.0,STOPPED_ACTIVE,418.9589761352539,371.41753225326534
62,2.48,0.8839709162712097,34.028800000669435,279.4471435546875,111.44890594482422,8.719320297241211,False,2.6294357776641846,True,1,0,1,double,0.0,0.0,STOPPED_ACTIVE,418.9589761352539,364.9360758781433
63,2.52,0.6142035722732544,30.656199989607558,277.56524658203125,108.00289154052734,3.4593801498413086,False,8.655774116516113,True,1,0,1,double,0.0,0.0,STOPPED_ACTIVE,418.9589761352539,371.80890769958495
64,2.56,0.9131036996841431,40.97490001004189,267.4753723144531,97.23726654052734,10.776477813720703,False,6.217148780822754,True,1,0,1,double,0.0,0.0,STOPPED_ACTIVE,418.9589761352539,382.654208278656
65,2.6,0.9107057452201843,83.93960000830702,260.4149475097656,90.68011474609375,6.564671516418457,False,4.850514888763428,True,1,0,1,double,0.0,0.0,STOPPED_ACTIVE,418.9589761352539,384.51180000305175
66,2.64,0.8890264630317688,35.865699988789856,248.0764617919922,81.06906127929688,9.710023880004883,False,1.0084384679794312,True,1,0,1,double,0.0,0.0,STOPPED_ACTIVE,418.9589761352539,381.06129813194275
67,2.68,0.5816025733947754,40.85039999336004,238.3242950439453,73.30355072021484,8.09310245513916,False,1.6927176713943481,True,1,0,1,double,0.0,0.0,STOPPED_ACTIVE,418.9589761352539,383.96139907836914
68,2.72,0.9133491516113281,40.82510000444017,231.10675048828125,66.53081512451172,6.797729969024658,False,7.670320510864258,True,1,0,1,double,0.0,0.0,STOPPED_ACTIVE,418.9589761352539,383.49909238815303
69,2.76,0.908748209476471,38.86259999126196,229.11273193359375,63.32230758666992,3.208836555480957,False,8.85724925994873,True,1,0,1,double,0.0,0.0,STOPPED_ACTIVE,418.9589761352539,394.2652791023254
70,2.8,0.8998589515686035,37.30199998244643,231.1062469482422,64.02999877929688,0.942573070526123,False,4.509634017944336,True,1,0,1,double,0.0,0.0,STOPPED_ACTIVE,418.9589761352539,402.0080899238586
71,2.84,0.4008162319660187,38.81639998871833,232.56915283203125,65.11751556396484,1.1082141399383545,False,4.439116954803467,True,1,0,1,double,0.0,0.0,STOPPED_ACTIVE,418.9589761352539,397.38239045143126
72,2.88,0.9075055122375488,29.451799986418337,238.18634033203125,72.19356536865234,7.090246200561523,False,2.8109867572784424,True,1,0,1,double,0.0,0.0,STOPPED_ACTIVE,418.9589761352539,391.3609045028686
73,2.92,0.889473557472229,30.276999983470887,248.61936950683594,83.69603729248047,11.5221586227417,False,5.214053153991699,True,1,0,1,double,0.0,0.0,STOPPED_ACTIVE,418.9589761352539,380.65519852638243
74,2.96,0.9038589000701904,33.53570000035688,262.07366943359375,98.24462890625,14.570796012878418,False,3.5996949672698975,True,1,0,1,double,0.0,0.0,STOPPED_ACTIVE,418.9589761352539,363.7821325778961
75,3.0,0.8446227312088013,30.43929999694228,275.36871337890625,109.78697967529297,11.559286117553711,False,4.077752590179443,True,1,0,1,double,0.0,0.0,STOPPED_ACTIVE,418.9589761352539,359.30699105262755
76,3.04,0.8503587245941162,41.67730000335723,278.68780517578125,111.7391586303711,2.0860164165496826,False,4.911788463592529,True,1,0,1,double,0.0,0.0,STOPPED_ACTIVE,418.9589761352539,363.2569974899292
77,3.08,0.8468576669692993,29.631400015205145,279.252685546875,111.33350372314453,0.46821659803390503,False,4.728443145751953,True,1,0,1,double,0.0,0.0,STOPPED_ACTIVE,418.9589761352539,364.30674343109126
78,3.12,0.8598158955574036,30.372500012163073,271.88226318359375,101.61233520507812,9.728261947631836,False,5.280423641204834,True,1,0,1,double,0.0,0.0,STOPPED_ACTIVE,418.9589761352539,377.02341399192807
79,3.16,0.8914885520935059,34.85430000000633,259.4674377441406,88.71855163574219,13.015682220458984,False,5.477451324462891,True,1,0,1,double,0.0,0.0,STOPPED_ACTIVE,418.9589761352539,380.5153418064117
80,3.2,0.9098359942436218,30.382299999473616,248.54605102539062,76.47952270507812,12.239169120788574,False,3.110915422439575,True,1,0,1,double,0.0,0.0,STOPPED_ACTIVE,418.9589761352539,382.75283279418943
81,3.24,0.9194111227989197,37.48910001013428,237.1882781982422,72.7222671508789,4.222274303436279,False,6.005349159240723,True,1,0,1,double,0.0,0.0,STOPPED_ACTIVE,418.9589761352539,387.1954261779785
82,3.28,0.9101071357727051,38.51990000111982,229.62704467773438,66.4627914428711,6.262839317321777,False,4.004895210266113,True,1,0,1,double,0.0,0.0,STOPPED_ACTIVE,418.9589761352539,387.69483957290646
83,3.32,0.914874255657196,33.23969998746179,225.1708526611328,64.35106658935547,2.1278841495513916,False,3.428938150405884,True,1,0,1,double,0.0,0.0,STOPPED_ACTIVE,418.9589761352539,388.73971924781796
84,3.36,0.9006500244140625,34.652600006666034,227.03515625,65.48735809326172,1.1859952211380005,False,0.9534322619438171,True,1,0,1,double,0.0,0.0,STOPPED_ACTIVE,418.9589761352539,392.36047205924984
85,3.4,0.8868615031242371,34.72560000955127,232.75308227539062,70.37741088867188,4.929232597351074,False,1.8812506198883057,True,1,0,1,double,0.0,0.0,STOPPED_ACTIVE,418.9589761352539,397.00298123359676
86,3.44,0.8755354285240173,32.390100008342415,241.40475463867188,80.15618133544922,9.82230281829834,False,3.4973690509796143,True,1,0,1,double,0.0,0.0,STOPPED_ACTIVE,418.9589761352539,395.40757527351377
87,3.48,0.8702335953712463,29.56680001807399,255.98590087890625,93.9584732055664,13.850397109985352,False,3.7201828956604004,True,1,0,1,double,0.0,0.0,STOPPED_ACTIVE,418.9589761352539,381.29769382476803
88,3.52,0.8814946413040161,34.51740002492443,270.4620361328125,107.74923706054688,13.824763298034668,False,2.4697091579437256,True,1,0,1,double,0.0,0.0,STOPPED_ACTIVE,418.9589761352539,370.3718434333801
89,3.56,0.8772943019866943,35.91390000656247,279.1162109375,114.9141845703125,7.180279731750488,False,3.021811008453369,True,1,0,1,double,0.0,0.0,STOPPED_ACTIVE,418.9589761352539,367.4665685176849
90,3.6,0.8799892067909241,37.555099988821894,284.9435119628906,119.32788848876953,4.415848731994629,False,5.320101261138916,True,1,0,1,double,0.0,0.0,STOPPED_ACTIVE,418.9589761352539,358.47617011070247
91,3.64,0.8794799447059631,32.209199998760596,282.2453308105469,115.381591796875,4.017243385314941,False,9.797622680664062,True,1,0,1,double,0.0,0.0,STOPPED_ACTIVE,418.9589761352539,366.1720049381256
92,3.68,0.8798108100891113,30.824400018900633,270.0186767578125,104.01266479492188,11.444708824157715,False,8.738890647888184,True,1,0,1,double,0.0,0.0,STOPPED_ACTIVE,418.9589761352539,375.7360301494598
93,3.72,0.9094038605690002,32.76249999180436,256.7105407714844,88.63611602783203,15.38674545288086,False,2.816110610961914,True,1,0,1,double,0.0,0.0,STOPPED_ACTIVE,418.9589761352539,387.4449847221374
94,3.76,0.9296455383300781,30.555600009392947,243.4520263671875,75.59651184082031,13.074970245361328,False,1.7072871923446655,True,1,0,1,double,0.0,0.0,STOPPED_ACTIVE,418.9589761352539,373.3716059684753
95,3.8,0.9320918321609497,36.4164000202436,235.59259033203125,69.2337646484375,6.374269008636475,False,1.908166527748108,True,1,0,1,double,0.0,0.0,STOPPED_ACTIVE,418.9589761352539,380.09188547134397
96,3.84,0.9069535732269287,31.657699990319088,231.4074249267578,70.25902557373047,1.5009260177612305,False,4.254047393798828,True,1,0,1,double,0.0,0.0,STOPPED_ACTIVE,418.9589761352539,380.2069891929626
97,3.88,0.9029093980789185,31.860699993558228,229.63809204101562,64.4538803100586,5.876326084136963,False,2.6171252727508545,True,1,0,1,double,0.0,0.0,STOPPED_ACTIVE,418.9589761352539,386.1044594287872
98,3.92,0.9111943244934082,30.13729999656789,230.38992309570312,64.24773406982422,0.42068490386009216,False,0.9133397340774536,True,1,0,1,double,0.0,0.0,STOPPED_ACTIVE,418.9589761352539,389.598096704483
99,3.96,0.9182509779930115,31.940699991537258,234.00205993652344,68.99872589111328,4.7613043785095215,False,3.9726006984710693,True,1,0,1,double,0.0,0.0,STOPPED_ACTIVE,418.9589761352539,392.6189311981201
100,4.0,0.8942567110061646,35.88930002297275,243.64614868164062,78.60385131835938,9.609045028686523,False,4.010705471038818,True,1,0,1,double,0.0,0.0,STOPPED_ACTIVE,418.9589761352539,398.1853471755981
101,4.04,0.897881269454956,30.222100001992658,249.633056640625,84.78035736083984,6.178782939910889,False,4.886503219604492,True,1,0,1,double,0.0,0.0,STOPPED_ACTIVE,418.9589761352539,397.83690199851986
102,4.08,0.8946427702903748,31.02769999532029,262.470947265625,96.43597412109375,11.693159103393555,False,5.7392578125,True,1,0,1,double,0.0,0.0,STOPPED_ACTIVE,418.9589761352539,376.197231388092
103,4.12,0.8517451882362366,35.13020000536926,275.96197509765625,106.94600677490234,10.51015853881836,False,5.281005859375,False,2,0,2,double,0.30120482533361187,18.072289520016714,JUMPING,418.9589761352539,366.7511590003967
104,4.16,0.8689262270927429,30.872500006807968,279.2415771484375,107.35738372802734,0.6010701656341553,False,5.043149948120117,False,2,0,2,double,0.30120482533361187,18.072289520016714,JUMPING,418.9589761352539,369.5443502426147
105,4.2,0.9050764441490173,31.825700018089265,271.31829833984375,98.77438354492188,8.585664749145508,False,5.455388069152832,True,2,0,2,double,0.30120482533361187,18.072289520016714,JUMPING,418.9589761352539,375.8156454563141
106,4.24,0.8930957317352295,33.341200003633276,258.5278625488281,86.24552154541016,12.541960716247559,False,3.7665250301361084,True,2,0,2,double,0.30120482533361187,18.072289520016714,JUMPING,418.9589761352539,387.34410371780393
107,4.28,0.8948863744735718,32.38230000715703,249.08419799804688,78.65158081054688,7.605203151702881,False,2.949690341949463,True,2,0,2,double,0.30120482533361187,18.072289520016714,JUMPING,418.9589761352539,388.07586708068845
108,4.32,0.902681827545166,38.054300006479025,240.08578491210938,69.93033599853516,8.772103309631348,False,6.980830669403076,True,2,0,2,double,0.30120482533361187,18.072289520016714,JUMPING,418.9589761352539,385.8589694023132
109,4.36,0.9121677279472351,32.803299982333556,231.90579223632812,63.81102752685547,6.341699123382568,False,4.027449607849121,True,2,0,2,double,0.30120482533361187,18.072289520016714,JUMPING,418.9589761352539,384.8135540962219
110,4.4,0.9143639206886292,31.634299986762926,226.73460388183594,61.15476989746094,3.1866495609283447,False,3.142348289489746,True,2,0,2,double,0.30120482533361187,18.072289520016714,JUMPING,418.9589761352539,390.8530805587768
111,4.44,0.8933415412902832,36.01879999041557,228.56629943847656,68.086181640625,7.295167922973633,False,0.4488341510295868,True,2,0,2,double,0.30120482533361187,18.072289520016714,JUMPING,418.9589761352539,398.17943243980403
112,4.48,0.9099042415618896,38.278200023341924,234.0933837890625,66.83772277832031,1.491186499595642,False,1.9371684789657593,True,2,0,2,double,0.30120482533361187,18.072289520016714,JUMPING,418.9589761352539,398.3103885650635
113,4.52,0.9099534153938293,38.87910000048578,238.48837280273438,69.72746276855469,2.8912577629089355,False,2.6238162517547607,True,2,0,2,double,0.30120482533361187,18.072289520016714,JUMPING,418.9589761352539,397.7739026546478
114,4.56,0.9074136018753052,39.95469998335466,244.99928283691406,79.26337432861328,9.69266128540039,False,3.787252426147461,True,2,0,2,double,0.30120482533361187,18.072289520016714,JUMPING,418.9589761352539,387.2710983276367
115,4.6,0.8920580148696899,42.94329998083413,255.19683837890625,90.1963119506836,10.984289169311523,False,5.214386463165283,True,2,0,2,double,0.30120482533361187,18.072289520016714,JUMPING,418.9589761352539,383.6846487045288
116,4.64,0.8670278787612915,42.00990000390448,267.2591552734375,102.75729370117188,12.584100723266602,False,9.721147537231445,True,2,0,2,double,0.30120482533361187,18.072289520016714,JUMPING,418.9589761352539,367.679305267334
117,4.68,0.7393231987953186,43.0466000107117,272.658935546875,108.51937866210938,5.777079105377197,False,8.832118034362793,True,2,0,2,double,0.30120482533361187,18.072289520016714,JUMPING,418.9589761352539,370.8342526912689
118,4.72,0.8625583648681641,37.77489997446537,269.6968994140625,104.85757446289062,3.9974684715270996,False,7.232147216796875,True,2,0,2,double,0.30120482533361187,18.072289520016714,JUMPING,418.9589761352539,377.01484389305114
119,4.76,0.8630800843238831,37.31410001637414,266.857666015625,100.72919464111328,4.12926721572876,False,6.594786643981934,True,2,0,2,double,0.30120482533361187,18.072289520016714,JUMPING,418.9589761352539,375.38211469650264
120,4.8,0.8879565596580505,29.828800004906952,259.60870361328125,92.3838119506836,8.411900520324707,False,2.6416759490966797,True,2,0,2,double,0.30120482533361187,18.072289520016714,JUMPING,418.9589761352539,383.81748523712156
121,4.84,0.9025149941444397,34.45779997855425,248.23414611816406,80.994873046875,11.491904258728027,False,2.3520898818969727,True,2,0,2,double,0.30120482533361187,18.072289520016714,JUMPING,418.9589761352539,387.15617694854734
122,4.88,0.908449113368988,34.411500004353,240.10806274414062,74.75186920166016,6.595268249511719,False,2.9011030197143555,True,2,0,2,double,0.30120482533361187,18.072289520016714,JUMPING,418.9589761352539,393.05831971168516
123,4.92,0.908301591873169,33.799199998611584,234.1915283203125,68.67102813720703,6.087096691131592,False,3.7979557514190674,True,2,0,2,double,0.30120482533361187,18.072289520016714,JUMPING,418.9589761352539,385.44946227073666
124,4.96,0.9022026062011719,34.66309999930672,232.37060546875,67.54930877685547,1.1345279216766357,False,3.7816150188446045,True,2,0,2,double,0.30120482533361187,18.072289520016714,JUMPING,418.9589761352539,390.0543291091919
125,5.0,0.9016020894050598,30.81910000764765,231.97262573242188,67.83386993408203,0.31525951623916626,False,3.68373441696167,True,2,0,2,double,0.30120482533361187,18.072289520016714,JUMPING,418.9589761352539,388.45412526130673
126,5.04,0.9125868082046509,35.31219999422319,235.76815795898438,72.2167739868164,4.55448579788208,False,2.8095619678497314,True,2,0,2,double,0.30120482533361187,18.072289520016714,JUMPING,418.9589761352539,389.20882959365844
127,5.08,0.9134255051612854,31.028099998366088,243.59019470214844,81.00749969482422,8.862327575683594,False,3.422424554824829,True,2,0,2,double,0.30120482533361187,18.072289520016714,JUMPING,418.9589761352539,384.9627558708191
128,5.12,0.8960867524147034,35.0664000143297,257.92071533203125,94.04541015625,13.074135780334473,False,6.421723365783691,True,2,0,2,double,0.30120482533361187,18.072289520016714,JUMPING,418.9589761352539,369.46900858879087
129,5.16,0.867239236831665,34.20150000602007,271.15203857421875,108.52574920654297,14.500411987304688,False,4.556771755218506,True,2,0,2,double,0.30120482533361187,18.072289520016714,JUMPING,418.9589761352539,356.5738474845886
130,5.2,0.7895007133483887,34.91240000585094,279.9004821777344,115.46533966064453,6.939896583557129,False,7.77424955368042,True,2,0,2,double,0.30120482533361187,18.072289520016714,JUMPING,418.9589761352539,356.2527536869049
131,5.24,0.8178813457489014,31.670500000473112,284.94927978515625,118.22901153564453,2.763812303543091,True,10.504467964172363,True,2,0,2,double,0.30120482533361187,18.072289520016714,JUMPING,418.9589761352539,354.8824951648712
132,5.28,0.8961684107780457,33.45489999628626,280.28424072265625,112.16400146484375,6.16105842590332,False,6.378758430480957,True,2,0,2,double,0.30120482533361187,18.072289520016714,JUMPING,418.9589761352539,363.1897358894348
133,5.32,0.8822707533836365,33.68239998235367,269.69873046875,99.4004135131836,12.77940845489502,False,5.450750827789307,True,2,0,2,double,0.30120482533361187,18.072289520016714,JUMPING,418.9589761352539,378.6091216087341
134,5.36,0.732384979724884,32.89410000434145,254.52638244628906,85.90657043457031,13.600897789001465,False,2.283655881881714,True,2,0,2,double,0.30120482533361187,18.072289520016714,JUMPING,418.9589761352539,378.8947383880615
135,5.4,0.9178506731987,34.82519998215139,241.43020629882812,74.89678955078125,11.01308536529541,False,3.2466025352478027,True,2,0,2,double,0.30120482533361187,18.072289520016714,JUMPING,418.9589761352539,378.94421019554136
136,5.44,0.9135644435882568,33.41760000330396,232.55935668945312,72.3260498046875,2.7382023334503174,False,4.074562072753906,True,2,0,2,double,0.30120482533361187,18.072289520016714,JUMPING,418.9589761352539,375.7732052326202
137,5.48,0.9134045243263245,35.04560000146739,227.46859741210938,67.04425048828125,5.283480644226074,False,3.235471725463867,True,2,0,2,double,0.30120482533361187,18.072289520016714,JUMPING,418.9589761352539,375.3486548423767
138,5.52,0.9038077592849731,31.865199998719618,226.52642822265625,65.47937774658203,1.674020528793335,False,3.5375401973724365,True,2,0,2,double,0.30120482533361187,18.072289520016714,JUMPING,418.9589761352539,379.466769695282
139,5.56,0.9150621891021729,35.02850001677871,229.05307006835938,67.60069274902344,3.2994022369384766,False,2.9252004623413086,True,2,0,2,double,0.30120482533361187,18.072289520016714,JUMPING,418.9589761352539,384.71600084304805
140,5.6,0.9042972922325134,30.462900002021343,234.29933166503906,74.97334289550781,7.427651882171631,False,1.6166212558746338,True,2,0,2,double,0.30120482533361187,18.072289520016714,JUMPING,418.9589761352539,392.0886335372925
141,5.64,0.890565812587738,36.134299996774644,246.04971313476562,82.4107666015625,7.440946102142334,False,4.016061305999756,True,2,0,2,double,0.30120482533361187,18.072289520016714,STOPPED_TRIPPED,418.9589761352539,383.40743107795714
142,5.68,0.8686005473136902,30.843699991237372,262.037353515625,97.7570571899414,15.412880897521973,False,4.683970928192139,True,2,0,2,double,0.30120482533361187,18.072289520016714,STOPPED_TRIPPED,418.9589761352539,367.6385745048523
143,5.72,0.8678564429283142,35.045299999183044,272.5408630371094,106.22554779052734,8.496012687683105,False,5.029104232788086,True,2,0,2,double,0.30120482533361187,18.072289520016714,STOPPED_TRIPPED,418.9589761352539,367.8760984420776
144,5.76,0.8752553462982178,34.621400001924485,281.90936279296875,115.00692749023438,8.787198066711426,False,3.6583566665649414,True,2,0,2,double,0.30120482533361187,18.072289520016714,STOPPED_TRIPPED,418.9589761352539,356.7583439350128
145,5.8,0.8688393831253052,38.97550000692718,284.3477478027344,114.40838623046875,0.6208739876747131,False,3.0302894115448,True,2,0,2,double,0.30120482533361187,18.072289520016714,STOPPED_TRIPPED,418.9589761352539,359.8333797454834
146,5.84,0.8659589290618896,30.16259998548776,274.0535583496094,103.58931732177734,10.81910228729248,False,4.557276725769043,True,2,0,2,double,0.30120482533361187,18.072289520016714,STOPPED_TRIPPED,418.9589761352539,368.6290591239929
147,5.88,0.8826102018356323,35.65309999976307,260.66015625,90.3829345703125,13.3145170211792,False,2.0947628021240234,True,2,0,2,double,0.30120482533361187,18.072289520016714,STOPPED_TRIPPED,418.9589761352539,379.2456337928772
148,5.92,0.9038814306259155,32.54760001436807,247.36158752441406,77.78361511230469,12.607040405273438,False,1.797317624092102,True,2,0,2,double,0.30120482533361187,18.072289520016714,STOPPED_TRIPPED,418.9589761352539,377.35615491867065
149,5.96,0.9039807915687561,35.52120001404546,238.6380615234375,75.71907043457031,2.366476535797119,False,3.3524489402770996,True,2,0,2,double,0.30120482533361187,18.072289520016714,STOPPED_TRIPPED,418.9589761352539,379.9265805721283
150,6.0,0.9160659909248352,44.0509999752976,230.97288513183594,67.88529205322266,7.8338470458984375,False,3.5366508960723877,True,2,0,2,double,0.30120482533361187,18.072289520016714,STOPPED_TRIPPED,418.9589761352539,381.60531706809996
151,6.04,0.9078477621078491,35.03410000121221,227.86119079589844,64.21951293945312,3.666870594024658,False,3.591721773147583,True,2,0,2,double,0.30120482533361187,18.072289520016714,STOPPED_TRIPPED,418.9589761352539,386.48545274734494
152,6.08,0.9280945658683777,30.84089999902062,228.75242614746094,64.4339828491211,0.7789108157157898,False,6.708279609680176,True,2,0,2,double,0.30120482533361187,18.072289520016714,STOPPED_TRIPPED,418.9589761352539,396.20783104896543
153,6.12,0.9125202894210815,35.6988999992609,233.77667236328125,68.97100830078125,4.541396141052246,False,4.597535610198975,True,2,0,2,double,0.30120482533361187,18.072289520016714,STOPPED_TRIPPED,418.9589761352539,396.835693359375
154,6.16,0.884939968585968,33.52019999874756,241.95242309570312,77.95934295654297,8.988853454589844,False,3.899303913116455,True,2,0,2,double,0.30120482533361187,18.072289520016714,STOPPED_TRIPPED,418.9589761352539,389.6404001712799
155,6.2,0.8861743807792664,32.741300005000085,247.91464233398438,83.23848724365234,5.2792181968688965,False,4.50424861907959,True,2,0,2,double,0.30120482533361187,18.072289520016714,STOPPED_TRIPPED,418.9589761352539,390.67141041755673
156,6.24,0.8765460848808289,36.07549998559989,260.39434814453125,94.54248809814453,11.305944442749023,False,4.698111057281494,True,2,0,2,double,0.30120482533361187,18.072289520016714,STOPPED_TRIPPED,418.9589761352539,378.2814064979553
157,6.28,0.8623437285423279,36.60700001637451,270.589111328125,106.78363800048828,12.241643905639648,False,14.18706226348877,True,2,0,2,double,0.30120482533361187,18.072289520016714,STOPPED_TRIPPED,418.9589761352539,367.7072150707245
158,6.32,0.8715782165527344,37.79470000881702,279.7974853515625,111.87386322021484,5.0902581214904785,False,7.255139350891113,True,2,0,2,double,0.30120482533361187,18.072289520016714,STOPPED_TRIPPED,418.9589761352539,366.1027717590332
159,6.36,0.8917689919471741,39.168199989944696,274.971435546875,106.18951416015625,5.717079162597656,False,10.400946617126465,True,2,0,2,double,0.30120482533361187,18.072289520016714,STOPPED_TRIPPED,418.9589761352539,369.52544360160823
160,6.4,0.906579315662384,37.22060000291094,265.05230712890625,94.46939086914062,11.741033554077148,False,4.481992721557617,True,2,0,2,double,0.30120482533361187,18.072289520016714,STOPPED_TRIPPED,418.9589761352539,391.10638852119445
161,6.44,0.9076482057571411,35.26330000022426,257.48687744140625,87.40779876708984,7.0754075050354,False,1.463354468345642,True,2,0,2,double,0.30120482533361187,18.072289520016714,STOPPED_TRIPPED,418.9589761352539,391.97174057960507
162,6.48,0.9152761697769165,40.93079999438487,246.66201782226562,77.67864227294922,9.748556137084961,False,2.864778757095337,True,2,0,2,double,0.30120482533361187,18.072289520016714,STOPPED_TRIPPED,418.9589761352539,392.5717500686645
163,6.52,0.9120002388954163,42.205799982184544,236.20770263671875,69.50031280517578,8.307741165161133,False,0.8145041465759277,True,2,0,2,double,0.30120482533361187,18.072289520016714,STOPPED_TRIPPED,418.9589761352539,399.6403038024902
164,6.56,0.9165821075439453,38.78689999692142,227.2681884765625,64.40734100341797,5.242551803588867,False,3.818235158920288,True,2,0,2,double,0.30120482533361187,18.072289520016714,STOPPED_TRIPPED,418.9589761352539,398.5376443386078
165,6.6,0.9039673805236816,37.87160001229495,224.58912658691406,63.06549072265625,1.6670414209365845,False,2.437166690826416,True,2,0,2,double,0.30120482533361187,18.072289520016714,STOPPED_TRIPPED,418.9589761352539,390.741042470932
166,6.64,0.9087316989898682,44.95769998175092,226.60012817382812,66.4791030883789,3.487436532974243,False,2.957726240158081,True,2,0,2,double,0.30120482533361187,18.072289520016714,STOPPED_TRIPPED,418.9589761352539,395.26223688125606
167,6.68,0.9039925336837769,31.90329999779351,229.1144561767578,69.08155059814453,2.6146225929260254,False,4.323955059051514,True,2,0,2,double,0.30120482533361187,18.072289520016714,STOPPED_TRIPPED,418.9589761352539,396.1779382705688
168,6.72,0.9147032499313354,36.676199990324676,239.4224395751953,75.79640197753906,6.714869022369385,False,2.919104814529419,True,2,0,2,double,0.30120482533361187,18.072289520016714,STOPPED_TRIPPED,418.9589761352539,391.8228465080261
169,6.76,0.903849720954895,29.15060002123937,252.61007690429688,87.6005630493164,11.804706573486328,False,5.202305316925049,True,2,0,2,double,0.30120482533361187,18.072289520016714,STOPPED_TRIPPED,418.9589761352539,380.7214914321899
170,6.8,0.9057618379592896,32.76470000855625,267.98309326171875,103.13998413085938,15.542413711547852,False,4.236214637756348,True,2,0,2,double,0.30120482533361187,18.072289520016714,STOPPED_TRIPPED,418.9589761352539,367.33015351295467
171,6.84,0.8969748616218567,34.86549999797717,279.8555908203125,114.8758316040039,11.749295234680176,False,4.948917388916016,True,2,0,2,double,0.30120482533361187,18.072289520016714,STOPPED_TRIPPED,418.9589761352539,358.2396490573883
172,6.88,0.8748416304588318,34.74819997791201,283.4909973144531,118.2169189453125,3.377150058746338,False,12.346928596496582,True,2,0,2,double,0.30120482533361187,18.072289520016714,STOPPED_TRIPPED,418.9589761352539,358.98981761932373
173,6.92,0.8749629259109497,32.74100000271574,285.15655517578125,118.79327392578125,0.6504791975021362,True,11.097744941711426,True,2,0,2,double,0.30120482533361187,18.072289520016714,STOPPED_TRIPPED,418.9589761352539,356.4808527946472
174,6.96,0.8591612577438354,36.71689998009242,277.11322021484375,108.93766784667969,9.932571411132812,False,7.6412153244018555,True,2,0,2,double,0.30120482533361187,18.072289520016714,STOPPED_TRIPPED,418.9589761352539,373.345553779602
175,7.0,0.8905525207519531,33.75729999970645,264.777587890625,97.21854400634766,11.806650161743164,False,4.442653179168701,True,2,0,2,double,0.30120482533361187,18.072289520016714,STOPPED_TRIPPED,418.9589761352539,382.06182298660275
176,7.04,0.9047756791114807,35.34319999744184,250.32675170898438,81.26427459716797,16.000606536865234,False,6.165770053863525,True,2,0,2,double,0.30120482533361187,18.072289520016714,STOPPED_TRIPPED,418.9589761352539,385.13594708442685
177,7.08,0.9122549295425415,41.53849999420345,238.23675537109375,73.7426986694336,7.68212890625,False,5.502325057983398,True,2,0,2,double,0.30120482533361187,18.072289520016714,STOPPED_TRIPPED,418.9589761352539,381.0021507740021
178,7.12,0.9104028940200806,38.96870001335628,230.460693359375,66.40078735351562,7.343175888061523,False,4.026675224304199,True,2,0,2,double,0.30120482533361187,18.072289520016714,STOPPED_TRIPPED,418.9589761352539,383.93028688430786
179,7.16,0.9093198776245117,39.37230000155978,226.1211700439453,63.60056686401367,2.8031580448150635,False,2.5923733711242676,True,2,0,2,double,0.30120482533361187,18.072289520016714,STOPPED_TRIPPED,418.9589761352539,385.02485489845276
180,7.2,0.9052070379257202,36.535699997330084,228.71002197265625,64.66602325439453,1.6019747257232666,False,3.117729425430298,True,2,0,2,double,0.30120482533361187,18.072289520016714,STOPPED_TRIPPED,418.9589761352539,385.9537191390991
181,7.24,0.8910386562347412,41.20809998130426,233.51486206054688,69.53120422363281,4.881265163421631,False,5.375080585479736,True,2,0,2,double,0.30120482533361187,18.072289520016714,STOPPED_TRIPPED,418.9589761352539,387.329071855545
182,7.28,0.9124599099159241,38.569700001971796,240.8309783935547,76.6601791381836,7.321105003356934,False,6.3496479988098145,True,2,0,2,double,0.30120482533361187,18.072289520016714,STOPPED_TRIPPED,418.9589761352539,389.35121631622314
183,7.32,0.8955928087234497,39.682500006165355,255.12008666992188,91.24632263183594,14.684502601623535,False,0.5624943971633911,True,2,0,2,double,0.30120482533361187,18.072289520016714,STOPPED_TRIPPED,418.9589761352539,369.7823186397552
184,7.36,0.8875528573989868,38.842700014356524,268.7604675292969,101.7719955444336,10.623190879821777,False,8.098564147949219,True,2,0,2,double,0.30120482533361187,18.072289520016714,STOPPED_TRIPPED,418.9589761352539,361.8269989967346
185,7.4,0.8839429616928101,39.728300005663186,278.0608215332031,110.88583374023438,9.114702224731445,False,8.1857271194458,True,2,0,2,double,0.30120482533361187,18.072289520016714,STOPPED_TRIPPED,418.9589761352539,362.38954849243163
186,7.44,0.8954172730445862,32.97320002457127,280.42742919921875,115.33355712890625,4.448805332183838,False,12.707274436950684,True,2,0,2,double,0.30120482533361187,18.072289520016714,STOPPED_TRIPPED,418.9589761352539,361.21278958320613
187,7.48,0.8761163949966431,34.71129998797551,275.30804443359375,109.89517211914062,5.84016752243042,False,5.7103471755981445,True,2,0,2,double,0.30120482533361187,18.072289520016714,STOPPED_TRIPPED,418.9589761352539,362.1738942623138
188,7.52,0.9007302522659302,35.157900012563914,263.11444091796875,97.91034698486328,12.115890502929688,False,6.660224914550781,True,2,0,2,double,0.30120482533361187,18.072289520016714,STOPPED_TRIPPED,418.9589761352539,384.5529638290405
189,7.56,0.918032169342041,35.299400013173,248.90554809570312,83.31752014160156,14.655904769897461,False,2.1872575283050537,True,2,0,2,double,0.30120482533361187,18.072289520016714,STOPPED_TRIPPED,418.9589761352539,384.33260288238523
190,7.6,0.9149826765060425,40.12150000198744,236.04843139648438,76.37670135498047,7.166952610015869,False,3.5189716815948486,True,2,0,2,double,0.30120482533361187,18.072289520016714,STOPPED_TRIPPED,418.9589761352539,379.54076657295224
191,7.64,0.9133616089820862,121.57940000179224,228.06077575683594,69.3206787109375,7.058318614959717,False,3.034132719039917,True,2,0,2,double,0.30120482533361187,18.072289520016714,STOPPED_TRIPPED,418.9589761352539,381.14437794685364
192,7.68,0.9035427570343018,64.56890000845306,224.98443603515625,65.10311126708984,4.219415187835693,False,3.736910581588745,True,2,0,2,double,0.30120482533361187,18.072289520016714,STOPPED_TRIPPED,418.9589761352539,382.1843913555145
193,7.72,0.9036321640014648,41.73629998695105,225.8461456298828,64.6829605102539,0.5529451370239258,False,2.846921682357788,True,2,0,2,double,0.30120482533361187,18.072289520016714,STOPPED_TRIPPED,418.9589761352539,377.9368019104004
194,7.76,0.9083787798881531,41.59000000800006,228.9715576171875,68.07071685791016,3.4263718128204346,False,3.714246988296509,True,2,0,2,double,0.30120482533361187,18.072289520016714,STOPPED_TRIPPED,418.9589761352539,389.22421474456786
195,7.8,0.9110807776451111,34.34509999351576,238.8160858154297,75.79793548583984,7.729420185089111,False,5.372945308685303,True,2,0,2,double,0.30120482533361187,18.072289520016714,STOPPED_TRIPPED,418.9589761352539,396.57663021087643
196,7.84,0.8856347799301147,35.88179999496788,252.06065368652344,87.4717788696289,11.70359992980957,False,5.374135494232178,True,2,0,2,double,0.30120482533361187,18.072289520016714,STOPPED_TRIPPED,418.9589761352539,390.41322479248043
197,7.88,0.9157497882843018,37.051300023449585,260.353515625,94.87764739990234,7.420624732971191,False,2.4627878665924072,True,2,0,2,double,0.30120482533361187,18.072289520016714,STOPPED_TRIPPED,418.9589761352539,383.37056369781493
198,7.92,0.8748388886451721,35.572499997215346,271.1049499511719,106.29187774658203,11.434850692749023,False,4.400820255279541,True,2,0,2,double,0.30120482533361187,18.072289520016714,STOPPED_TRIPPED,418.9589761352539,376.9452574253082
199,7.96,0.7998993992805481,35.58710002107546,278.10498046875,114.02447509765625,7.762034893035889,False,2.4818592071533203,True,2,0,2,double,0.30120482533361187,18.072289520016714,STOPPED_TRIPPED,418.9589761352539,363.1277166366577
200,8.0,0.6044551134109497,43.16199998720549,275.448974609375,111.25395965576172,2.965085029602051,False,3.1632375717163086,True,2,0,2,double,0.30120482533361187,18.072289520016714,STOPPED_TRIPPED,418.9589761352539,364.2751639842987
201,8.04,0.840463399887085,40.906200010795146,266.1402893066406,101.0097427368164,10.309333801269531,False,5.530026435852051,True,2,0,2,double,0.30120482533361187,18.072289520016714,STOPPED_TRIPPED,418.9589761352539,379.88166732788085
202,8.08,0.9042505025863647,45.949599996674806,253.7866668701172,88.14984130859375,12.895332336425781,False,3.2769460678100586,True,2,0,2,double,0.30120482533361187,18.072289520016714,STOPPED_TRIPPED,418.9589761352539,378.8099719047546
203,8.12,0.9063825607299805,59.05570002505556,244.60400390625,81.1182861328125,7.065087795257568,False,2.118256092071533,True,2,0,2,double,0.30120482533361187,18.072289520016714,STOPPED_TRIPPED,418.9589761352539,380.7574584960937
204,8.16,0.9114624261856079,179.71609998494387,237.20108032226562,72.94217681884766,8.180327415466309,False,1.4399093389511108,True,2,0,2,double,0.30120482533361187,18.072289520016714,STOPPED_TRIPPED,418.9589761352539,381.52417464256285
205,8.2,0.9190809726715088,88.71989999897778,229.1938934326172,67.50301361083984,5.483778476715088,False,4.559159278869629,True,2,0,2,double,0.30120482533361187,18.072289520016714,STOPPED_TRIPPED,418.9589761352539,381.1605836391449
206,8.24,0.9122929573059082,55.75830000452697,225.8941192626953,65.0340347290039,2.714142322540283,False,2.2295053005218506,True,2,0,2,double,0.30120482533361187,18.072289520016714,STOPPED_TRIPPED,418.9589761352539,388.25987348556515
207,8.28,0.9199832677841187,50.88250001426786,226.4412841796875,66.8027114868164,2.133080005645752,False,2.8511815071105957,True,2,0,2,double,0.30120482533361187,18.072289520016714,STOPPED_TRIPPED,418.9589761352539,393.18291664123535
208,8.32,0.9132541418075562,42.47889999533072,233.09939575195312,73.3182144165039,6.5799174308776855,False,2.2682735919952393,True,2,0,2,double,0.30120482533361187,18.072289520016714,STOPPED_TRIPPED,418.9589761352539,391.18086404800414
209,8.36,0.9113876223564148,44.31620001560077,238.08255004882812,77.01000213623047,3.7219855785369873,False,1.8179411888122559,True,2,0,2,double,0.30120482533361187,18.072289520016714,STOPPED_TRIPPED,418.9589761352539,391.01225419044493
210,8.4,0.9075349569320679,71.55790002434514,246.12933349609375,85.90238189697266,8.894872665405273,False,6.4796671867370605,True,2,0,2,double,0.30120482533361187,18.072289520016714,STOPPED_TRIPPED,418.9589761352539,386.83632535934447
211,8.44,0.8833327293395996,42.19129998818971,258.87432861328125,99.48395538330078,13.583578109741211,False,2.476224899291992,True,2,0,2,double,0.30120482533361187,18.072289520016714,STOPPED_TRIPPED,418.9589761352539,369.7532919883728
212,8.48,0.8536946773529053,43.29259999212809,273.37176513671875,113.14046478271484,13.656513214111328,False,2.1268694400787354,True,2,0,2,double,0.30120482533361187,18.072289520016714,STOPPED_TRIPPED,418.9589761352539,359.83368744850156
213,8.52,0.7141221165657043,43.5142999922391,280.5057373046875,118.59494018554688,5.457479953765869,False,2.9953999519348145,True,2,0,2,double,0.30120482533361187,18.072289520016714,STOPPED_TRIPPED,418.9589761352539,359.42457919120784
214,8.56,0.8231555223464966,45.379399991361424,277.46527099609375,112.48329162597656,6.248945713043213,False,6.706057548522949,True,2,0,2,double,0.30120482533361187,18.072289520016714,STOPPED_TRIPPED,418.9589761352539,369.6568099975586
215,8.6,0.7896759510040283,110.44670001138002,273.589599609375,108.14800262451172,4.348193645477295,False,7.337606906890869,True,2,0,2,double,0.30120482533361187,18.072289520016714,STOPPED_TRIPPED,418.9589761352539,371.70245385169983
216,8.64,0.8975525498390198,80.16030001454055,263.66156005859375,100.52930450439453,7.940123081207275,False,6.246344089508057,True,2,0,2,double,0.30120482533361187,18.072289520016714,STOPPED_TRIPPED,418.9589761352539,386.953377866745
217,8.68,0.8787020444869995,76.91249999334104,252.0797119140625,84.92698669433594,15.651041984558105,False,4.991966247558594,True,2,0,2,double,0.30120482533361187,18.072289520016714,STOPPED_TRIPPED,418.9589761352539,387.0611423015594
218,8.72,0.9041715264320374,58.22289999923669,240.6277618408203,73.56832885742188,11.444503784179688,False,2.6381466388702393,True,2,0,2,double,0.30120482533361187,18.072289520016714,STOPPED_TRIPPED,418.9589761352539,381.9224905014038
219,8.76,0.9224240779876709,50.42360001243651,232.1802978515625,72.30376434326172,2.7322099208831787,False,0.9565684795379639,True,2,0,2,double,0.30120482533361187,18.072289520016714,STOPPED_TRIPPED,418.9589761352539,382.12800192832947
220,8.8,0.904365599155426,73.67089999024756,228.82211303710938,66.65827178955078,5.738780498504639,False,3.015204906463623,True,2,0,2,double,0.30120482533361187,18.072289520016714,STOPPED_TRIPPED,418.9589761352539,384.4915713787079
221,8.84,0.9069433808326721,43.19450000184588,227.19049072265625,64.88336944580078,1.797424077987671,False,4.599379539489746,True,2,0,2,double,0.30120482533361187,18.072289520016714,STOPPED_TRIPPED,418.9589761352539,385.37499814033504
222,8.88,0.8947524428367615,42.76760001084767,229.94921875,66.85112762451172,2.028290033340454,False,1.3433759212493896,True,2,0,2,double,0.30120482533361187,18.072289520016714,STOPPED_TRIPPED,418.9589761352539,388.2724779129028
223,8.92,0.9064714312553406,69.68759998562746,236.0659637451172,73.39105987548828,6.5493597984313965,False,2.4443674087524414,True,2,0,2,double,0.30120482533361187,18.072289520016714,STOPPED_TRIPPED,418.9589761352539,388.18007583618163
224,8.96,0.8946530222892761,51.08290002681315,246.8865966796875,85.2593002319336,11.868796348571777,False,4.447410583496094,True,2,0,2,double,0.30120482533361187,18.072289520016714,STOPPED_TRIPPED,418.9589761352539,382.77501020431515
225,9.0,0.892823338508606,47.75810000137426,263.6233825683594,99.78189849853516,14.535405158996582,False,4.209772109985352,True,2,0,2,double,0.30120482533361187,18.072289520016714,STOPPED_TRIPPED,418.9589761352539,368.1048357486725
226,9.04,0.8925135731697083,45.82410000148229,274.1845703125,112.47823333740234,12.771172523498535,False,2.902665615081787,True,2,0,2,double,0.30120482533361187,18.072289520016714,STOPPED_TRIPPED,418.9589761352539,363.89144692420956
227,9.08,0.8950464129447937,63.017800013767555,279.6446838378906,118.57942962646484,6.180840492248535,False,3.3806710243225098,True,2,0,2,double,0.30120482533361187,18.072289520016714,STOPPED_TRIPPED,418.9589761352539,363.8236610889435
228,9.12,0.8604271411895752,47.53979999804869,280.01141357421875,116.98870849609375,2.246912956237793,False,8.938520431518555,True,2,0,2,double,0.30120482533361187,18.072289520016714,STOPPED_TRIPPED,418.9589761352539,360.48829712867735
229,9.16,0.8629948496818542,46.093599987216294,274.23785400390625,105.8603286743164,11.231060981750488,False,4.595697402954102,True,2,0,2,double,0.30120482533361187,18.072289520016714,STOPPED_TRIPPED,418.9589761352539,369.01643443107605
230,9.2,0.9120643138885498,52.288099977886304,264.003662109375,92.70087432861328,13.163200378417969,False,1.9379650354385376,True,2,0,2,double,0.30120482533361187,18.072289520016714,STOPPED_TRIPPED,418.9589761352539,384.96331429481506
231,9.24,0.90973299741745,47.30459998245351,249.978759765625,79.58485412597656,13.153681755065918,False,3.4644432067871094,True,2,0,2,double,0.30120482533361187,18.072289520016714,STOPPED_TRIPPED,418.9589761352539,384.5637334346771
232,9.28,0.9268997311592102,70.63110001035966,238.46224975585938,70.22535705566406,9.360074996948242,False,4.198625087738037,True,2,0,2,double,0.30120482533361187,18.072289520016714,STOPPED_TRIPPED,418.9589761352539,378.2262934684753
233,9.32,0.9254927039146423,66.98259999393485,230.74429321289062,65.89024353027344,4.338088035583496,False,6.1378560066223145,True,2,0,2,double,0.30120482533361187,18.072289520016714,STOPPED_TRIPPED,418.9589761352539,379.3331923961639
234,9.36,0.9219549894332886,62.674199987668544,227.31954956054688,63.54328918457031,2.3845765590667725,False,7.351765155792236,True,2,0,2,double,0.30120482533361187,18.072289520016714,STOPPED_TRIPPED,418.9589761352539,382.52091588973997
235,9.4,0.8905941843986511,72.74219999089837,228.79112243652344,73.93103790283203,10.506153106689453,False,1.7662632465362549,True,2,0,2,double,0.30120482533361187,18.072289520016714,STOPPED_TRIPPED,418.9589761352539,387.76636343002315
236,9.44,0.9112398624420166,70.638000004692,235.13629150390625,73.3095932006836,0.6226884722709656,False,1.1872144937515259,True,2,0,2,double,0.30120482533361187,18.072289520016714,STOPPED_TRIPPED,418.9589761352539,395.04057674407954
237,9.48,0.9030770063400269,61.03169999551028,243.08767700195312,79.97809600830078,6.6925859451293945,False,2.6189353466033936,True,2,0,2,double,0.30120482533361187,18.072289520016714,STOPPED_TRIPPED,418.9589761352539,393.17231798171997
238,9.52,0.9043924808502197,65.18889998551458,257.8173828125,92.40306854248047,12.428449630737305,False,2.194699764251709,True,2,0,2,double,0.30120482533361187,18.072289520016714,STOPPED_TRIPPED,418.9589761352539,376.6393664360046
239,9.56,0.9075993299484253,65.69889999809675,266.719970703125,99.52236938476562,7.121514320373535,False,2.213352680206299,True,2,0,2,double,0.30120482533361187,18.072289520016714,STOPPED_TRIPPED,418.9589761352539,374.80384955406186
240,9.6,0.8612432479858398,56.83480002335273,278.1978759765625,109.87641143798828,10.357315063476562,False,4.008927345275879,False,3,0,3,double,0.2272727223467237,13.63636334080342,JUMPING,418.9589761352539,366.7291753292084
241,9.64,0.7651090025901794,53.992000001017004,283.2403564453125,114.57181549072266,4.7156596183776855,False,3.4596731662750244,True,3,0,3,double,0.2272727223467237,13.63636334080342,JUMPING,418.9589761352539,362.0712924003601
242,9.68,0.8936651945114136,52.608199999667704,277.57159423828125,110.09136962890625,4.890296936035156,False,5.600890159606934,True,3,0,3,double,0.2272727223467237,13.63636334080342,JUMPING,418.9589761352539,376.434139919281
243,9.72,0.9020681381225586,49.299499980406836,265.0245056152344,97.882080078125,12.230010032653809,False,2.751533031463623,True,3,0,3,double,0.2272727223467237,13.63636334080342,JUMPING,418.9589761352539,387.0096077442169
244,9.76,0.9104079604148865,48.44079999020323,252.2020721435547,82.99838256835938,14.906418800354004,False,1.9397131204605103,True,3,0,3,double,0.2272727223467237,13.63636334080342,JUMPING,418.9589761352539,386.9483748435974
245,9.8,0.90850830078125,46.61990000749938,243.31985473632812,75.28778076171875,7.737295150756836,False,3.44714093208313,True,3,0,3,double,0.2272727223467237,13.63636334080342,JUMPING,418.9589761352539,386.10011739730834
246,9.84,0.9227489233016968,77.49299998977222,234.63327026367188,74.88030242919922,2.1254467964172363,False,3.641758680343628,True,3,0,3,double,0.2272727223467237,13.63636334080342,JUMPING,418.9589761352539,378.2821586608886
247,9.88,0.9193160533905029,46.566000004531816,226.98773193359375,66.32079315185547,8.570947647094727,False,6.307363033294678,True,3,0,3,double,0.2272727223467237,13.63636334080342,JUMPING,418.9589761352539,386.7092668056488
248,9.92,0.9310010075569153,49.19379999046214,224.96450805664062,63.11945724487305,3.2410359382629395,False,3.255971670150757,True,3,0,3,double,0.2272727223467237,13.63636334080342,JUMPING,418.9589761352539,384.9151416778564
249,9.96,0.8914667963981628,50.53470001439564,227.24252319335938,65.1090087890625,2.0059711933135986,False,3.538321018218994,True,3,0,3,double,0.2272727223467237,13.63636334080342,JUMPING,418.9589761352539,392.8107441425323
250,10.0,0.9116343259811401,60.024900012649596,232.92996215820312,71.82440948486328,6.716460704803467,False,3.398048162460327,True,3,0,3,double,0.2272727223467237,13.63636334080342,JUMPING,418.9589761352539,390.9184503555298
251,10.04,0.9105912446975708,73.31569999223575,236.86886596679688,76.17259979248047,4.356483459472656,False,3.532759666442871,True,3,0,3,double,0.2272727223467237,13.63636334080342,JUMPING,418.9589761352539,391.7725085735321
252,10.08,0.9002365469932556,49.49470001156442,249.45761108398438,85.60897827148438,9.447916030883789,False,3.5898213386535645,True,3,0,3,double,0.2272727223467237,13.63636334080342,JUMPING,418.9589761352539,383.13359818458554
253,10.12,0.9000909328460693,47.070000000530854,265.55328369140625,99.86419677734375,14.265268325805664,False,4.0663275718688965,True,3,0,3,double,0.2272727223467237,13.63636334080342,JUMPING,418.9589761352539,371.96678214073177
254,10.16,0.884343683719635,95.14479999779724,277.96112060546875,112.09806060791016,12.237191200256348,False,9.00182056427002,True,3,0,3,double,0.2272727223467237,13.63636334080342,JUMPING,418.9589761352539,365.9067193508148
255,10.2,0.8867776393890381,49.206299998331815,279.82696533203125,114.32437896728516,2.2276744842529297,False,10.132711410522461,True,3,0,3,double,0.2272727223467237,13.63636334080342,JUMPING,418.9589761352539,368.0280467510223
256,10.24,0.8303883075714111,58.67289999150671,272.20208740234375,105.285888671875,9.383561134338379,False,8.660244941711426,True,3,0,3,double,0.2272727223467237,13.63636334080342,JUMPING,418.9589761352539,379.5701807022094
257,10.28,0.8458376526832581,79.96460000867955,266.57373046875,99.12930297851562,6.187363147735596,False,7.797486305236816,True,3,0,3,double,0.2272727223467237,13.63636334080342,JUMPING,418.9589761352539,380.16305603981016
258,10.32,0.8511053323745728,46.539600007236004,257.0992126464844,89.05696868896484,10.14828109741211,False,6.142419815063477,True,3,0,3,double,0.2272727223467237,13.63636334080342,JUMPING,418.9589761352539,382.15963835716246
259,10.36,0.8851685523986816,51.97749999933876,246.46588134765625,78.20896911621094,10.93773078918457,False,3.0259714126586914,True,3,0,3,double,0.2272727223467237,13.63636334080342,JUMPING,418.9589761352539,388.9014570713043
260,10.4,0.9135254621505737,47.81849999562837,235.8321533203125,77.6648178100586,4.715787887573242,False,3.1525838375091553,True,3,0,3,double,0.2272727223467237,13.63636334080342,JUMPING,418.9589761352539,384.55853667259214
261,10.44,0.9041762351989746,52.28769997484051,229.8486328125,65.87017059326172,11.92917537689209,False,4.086247444152832,True,3,0,3,double,0.2272727223467237,13.63636334080342,JUMPING,418.9589761352539,386.69016642570494
262,10.48,0.4224536716938019,46.86309999669902,229.23297119140625,65.79303741455078,1.9349867105484009,False,4.287971496582031,True,3,0,3,double,0.2272727223467237,13.63636334080342,JUMPING,418.9589761352539,383.55754456520077
263,10.52,0.89406418800354,65.16800000099465,229.07339477539062,66.50135040283203,0.9177009463310242,False,12.09035873413086,True,3,0,3,double,0.2272727223467237,13.63636334080342,JUMPING,418.9589761352539,384.1243677139282
264,10.56,0.9066570997238159,70.15089999185875,233.6702423095703,75.5401382446289,9.25243091583252,False,2.207254648208618,True,3,0,3,double,0.2272727223467237,13.63636334080342,JUMPING,418.9589761352539,384.59450373649594
265,10.6,0.8860175013542175,69.31039999471977,245.2430419921875,82.99164581298828,7.82983922958374,False,7.551394462585449,True,3,0,3,double,0.2272727223467237,13.63636334080342,JUMPING,418.9589761352539,386.4033188343048
266,10.64,0.8819549083709717,63.348099996801466,262.0003662109375,95.80510711669922,12.91573715209961,False,10.196941375732422,True,3,0,3,double,0.2272727223467237,13.63636334080342,JUMPING,418.9589761352539,376.4336156845093
267,10.68,0.8993440866470337,69.02509997598827,273.3905334472656,109.8572769165039,14.111248016357422,False,13.33980655670166,False,4,0,4,double,0.30364372850658294,18.218623710394976,JUMPING,418.9589761352539,367.20429158210754
268,10.72,0.8727853298187256,93.08419999433681,279.72918701171875,115.5862808227539,5.746433734893799,False,7.854328632354736,True,4,0,4,double,0.30364372850658294,18.218623710394976,JUMPING,418.9589761352539,365.4342698574066
269,10.76,0.8841131925582886,65.80949999624863,282.493408203125,117.56930541992188,2.0392959117889404,False,10.064377784729004,True,4,0,4,double,0.30364372850658294,18.218623710394976,JUMPING,418.9589761352539,367.40116453170776
270,10.8,0.8890085816383362,93.22949999477714,277.3621826171875,110.9117202758789,6.66382360458374,False,10.112531661987305,True,4,0,4,double,0.30364372850658294,18.218623710394976,JUMPING,418.9589761352539,372.1557231903076
271,10.84,0.887259840965271,48.4883000026457,266.89312744140625,98.48390197753906,12.533905029296875,False,12.2498197555542,True,4,0,4,double,0.30364372850658294,18.218623710394976,JUMPING,418.9589761352539,381.98857827186583
272,10.88,0.9078894853591919,49.44670002441853,253.91152954101562,86.55029296875,12.064491271972656,False,14.712919235229492,True,4,0,4,double,0.30364372850658294,18.218623710394976,JUMPING,418.9589761352539,385.3717159748077
273,10.92,0.9053500890731812,50.25929998373613,242.3077392578125,74.09915924072266,12.46494197845459,False,11.32587718963623,True,4,0,4,double,0.30364372850658294,18.218623710394976,JUMPING,418.9589761352539,386.3897799015045
274,10.96,0.9135803580284119,47.3679999995511,232.63369750976562,66.42891693115234,7.670930862426758,False,3.1897222995758057,True,4,0,4,double,0.30364372850658294,18.218623710394976,JUMPING,418.9589761352539,381.8189655303955
275,11.0,0.9162998795509338,46.567699988372624,227.34088134765625,63.5118522644043,2.9190151691436768,False,2.5558595657348633,True,4,0,4,double,0.30364372850658294,18.218623710394976,JUMPING,418.9589761352539,381.0864841938019
276,11.04,0.9002516269683838,60.169999982463196,227.220458984375,63.63270950317383,2.264991283416748,False,0.8396617770195007,True,4,0,4,double,0.30364372850658294,18.218623710394976,JUMPING,418.9589761352539,388.1795857906341
277,11.08,0.915445864200592,46.375200006878,231.07118225097656,67.5901870727539,3.983515739440918,False,2.3904969692230225,True,4,0,4,double,0.30364372850658294,18.218623710394976,JUMPING,418.9589761352539,388.7699311256408
278,11.12,0.9143630862236023,48.96749998442829,238.618896484375,75.35523223876953,7.792579174041748,False,4.261650562286377,True,4,0,4,double,0.30364372850658294,18.218623710394976,JUMPING,418.9589761352539,384.00076227188106
279,11.16,0.8853121399879456,84.86799997626804,252.60009765625,86.83585357666016,11.517459869384766,False,4.506000995635986,True,4,0,4,double,0.30364372850658294,18.218623710394976,JUMPING,418.9589761352539,377.28197569847106
280,11.2,0.9031679630279541,45.81129999132827,266.91448974609375,102.71485137939453,15.887537956237793,False,4.186751842498779,True,4,0,4,double,0.30364372850658294,18.218623710394976,JUMPING,418.9589761352539,368.60910401344296
281,11.24,0.9031171798706055,43.266600026981905,275.02813720703125,110.8250732421875,8.121353149414062,False,5.303677082061768,True,4,0,4,double,0.30364372850658294,18.218623710394976,JUMPING,418.9589761352539,370.4128932952881
282,11.28,0.9035594463348389,63.64330000360496,279.23828125,114.3634262084961,3.543598175048828,False,5.870934009552002,True,4,0,4,double,0.30364372850658294,18.218623710394976,JUMPING,418.9589761352539,368.2027422904968
283,11.32,0.00958867184817791,58.50459999055602,0.0,,0.0,False,0.0,False,4,0,4,unknown,0.0,0.0,JUMPING,,386.4870938301086
284,11.36,0.00958867184817791,58.19730000803247,0.0,,0.0,False,0.0,False,4,0,4,unknown,0.0,0.0,JUMPING,,386.4870938301086
285,11.4,0.00958867184817791,51.77879999973811,0.0,,0.0,False,0.0,False,4,0,4,unknown,0.0,0.0,JUMPING,,386.4870938301086
286,11.44,0.009927758947014809,48.1283999979496,0.0,,0.0,False,0.0,False,4,0,4,unknown,0.0,0.0,JUMPING,,361.9142726898193
287,11.48,0.009072758257389069,82.0090000052005,0.0,,0.0,False,0.0,False,4,0,4,unknown,0.0,0.0,JUMPING,,375.83202209472654
288,11.52,0.011365009471774101,46.03090000455268,0.0,,0.0,False,0.0,False,4,0,4,unknown,0.0,0.0,JUMPING,,361.42791957855223
