frame_idx,timestamp,best_conf,infer_ms,jump_count,single_count,double_count,jump_type,spm,state,cycle_ok,dt,expected_dt,amp,min_air_y,ground_y,lift_th,ankle_distance,hip_y,is_airborne
0,0.0,0.895831286907196,61.54260004404932,0,0,0,unknown,0.0,IDLE,False,,,,,,2.559441218948364,14.044815063476562,209.936279296875,False
1,0.04,0.9107121825218201,45.84340000292286,0,0,0,unknown,0.0,IDLE,False,,,,,,2.563168339538574,13.785896301269531,209.7510223388672,False
2,0.08,0.9157460331916809,38.02390000782907,0,0,0,unknown,0.0,IDLE,False,,,,,,2.5572101516723627,13.073800086975098,211.100830078125,False
3,0.12,0.9309965968132019,73.53660004446283,0,0,0,unknown,0.0,IDLE,False,,,,,,2.583749137115478,11.64317798614502,212.85079956054688,False
4,0.16,0.9263806343078613,109.62020000442863,0,0,0,double,0.0,IDLE,False,,,,,,2.5618940103530883,11.860486030578613,213.12136840820312,False
5,0.2,0.9271239638328552,75.52909996593371,0,0,0,double,0.0,IDLE,False,,,,,,2.5699399225234982,12.65788459777832,212.50439453125,False
6,0.24,0.9311621785163879,93.61889999127015,0,0,0,double,0.0,IDLE,False,,,,,,2.588092429161071,13.401193618774414,212.24188232421875,False
7,0.28,0.9310261607170105,48.3762999647297,0,0,0,double,0.0,IDLE,False,,,,,,2.553521459197998,13.9077787399292,210.97227478027344,False
8,0.32,0.919528603553772,50.44959997758269,0,0,0,double,0.0,IDLE,False,,,,,,2.5456007942199705,14.486553192138672,209.9317626953125,False
9,0.36,0.9199761152267456,58.52510000113398,0,0,0,double,0.0,IDLE,False,,,,,295.47247924804685,2.5703169857025143,14.284732818603516,209.08547973632812,False
10,0.4,0.9141045212745667,65.1124999858439,0,0,0,double,0.0,IDLE,False,,,,,295.46051025390625,2.5813931276321407,14.528487205505371,208.49298095703125,False
11,0.44,0.9244584441184998,53.33199998131022,0,0,0,double,0.0,IDLE,False,,,,,295.45989379882815,2.5688803028106686,13.920434951782227,208.89053344726562,False
12,0.48,0.9188403487205505,57.92789999395609,0,0,0,double,0.0,IDLE,False,,,,,295.45927734375,2.589652630996704,14.310901641845703,209.02882385253906,False
13,0.52,0.9183743596076965,46.404800028540194,0,0,0,double,0.0,IDLE,False,,,,,295.54429321289064,2.58576773147583,14.369819641113281,209.34512329101562,False
14,0.56,0.9186110496520996,52.39730002358556,0,0,0,double,0.0,IDLE,False,,,,,295.835888671875,2.5928915721893304,13.176945686340332,209.57986450195312,False
15,0.6,0.91204434633255,44.97299995273352,0,0,0,double,0.0,IDLE,False,,,,,296.0901184082031,2.581866362762451,11.511907577514648,209.80560302734375,False
16,0.64,0.9127171039581299,59.8939000046812,0,0,0,double,0.0,IDLE,False,,,,,296.0733642578125,2.5540960510253905,10.92895221710205,211.23080444335938,False
17,0.68,0.9113166332244873,43.435400002636015,0,0,0,double,0.0,IDLE,False,,,,,296.0566101074219,2.5225790996551507,9.590970039367676,213.63510131835938,False
18,0.72,0.9192487597465515,94.05479999259114,0,0,0,double,0.0,IDLE,False,,,,,296.03985595703125,2.472942986679077,9.147073745727539,217.11705017089844,False
19,0.76,0.9181134104728699,73.95579997682944,0,0,0,double,0.0,IDLE,False,,,,,296.0231018066406,2.434749709320068,9.3906888961792,219.26852416992188,False
20,0.8,0.9198572039604187,263.66480003343895,0,0,0,double,0.0,IDLE,False,,,,,296.1379089355469,2.442081651496887,9.706528663635254,221.00613403320312,False
21,0.84,0.9087396264076233,70.12869999743998,0,0,0,double,0.0,IDLE,False,,,,,296.1247528076172,2.509011738204956,9.974371910095215,220.359130859375,False
22,0.88,0.9199355244636536,52.84110002685338,0,0,0,double,0.0,IDLE,False,,,,,296.16669311523435,2.5805339847564697,11.393876075744629,216.55877685546875,False
23,0.92,0.9197685718536377,59.55050000920892,0,0,0,double,0.0,IDLE,False,,,,,296.16309509277346,2.6774096382141113,12.024487495422363,211.37338256835938,False
24,0.96,0.9290164709091187,59.47630002629012,0,0,0,double,0.0,IDLE,False,,,,,296.1594970703125,2.592963751983642,14.376364707946777,203.4420166015625,True
25,1.0,0.9270294904708862,35.394800011999905,0,0,0,double,0.0,IDLE,False,,,,,296.15589904785156,2.6016511493682857,14.00517749786377,197.60623168945312,True
26,1.04,0.9273767471313477,43.38619997724891,0,0,0,double,0.0,IDLE,False,,,,,296.1523010253906,2.5826879924774166,13.734317779541016,194.25778198242188,True
27,1.08,0.93373703956604,59.34109998634085,0,0,0,double,0.0,IDLE,False,,,,,296.14870300292966,2.5602923305511474,14.279438018798828,192.48147583007812,True
28,1.12,0.9307449460029602,54.81980001786724,0,0,0,double,0.0,IDLE,False,,,,,296.1451049804688,2.573390015029907,12.920852661132812,192.50970458984375,True
29,1.16,0.9235605001449585,52.328300022054464,0,0,0,double,0.0,IDLE,False,,,,,296.1415069580078,2.6436703624725335,12.553144454956055,193.8984375,True
30,1.2,0.9217590689659119,70.79490000614896,0,0,0,double,0.0,IDLE,False,,,,,296.1379089355469,2.6833271614074703,11.245820999145508,196.73553466796875,True
31,1.24,0.9073678851127625,70.9517999785021,0,0,0,double,0.0,IDLE,False,,,,,296.1250457763672,2.6945532543182367,12.801292419433594,201.0271453857422,True
32,1.28,0.9222978949546814,57.927099987864494,1,0,1,double,0.0,JUMPING,True,,,21.591009521484352,274.57568359375,296.16669311523435,2.5908377012252806,15.048056602478027,206.02139282226562,False
33,1.32,0.9305890202522278,39.712300000246614,1,0,1,double,0.0,JUMPING,False,,,,,296.24359436035155,2.5208625421524045,16.261760711669922,212.16888427734375,False
34,1.36,0.9151804447174072,58.978699962608516,1,0,1,double,0.0,JUMPING,False,,,,,296.2989013671875,2.4626622457504266,15.806586265563965,218.1694793701172,False
35,1.4,0.9167791604995728,69.25240001874045,1,0,1,double,0.0,JUMPING,False,,,,,296.34857177734375,2.4447130624771116,14.121146202087402,221.23480224609375,False
36,1.44,0.9145523905754089,58.94570000236854,1,0,1,double,0.0,JUMPING,False,,,,,297.51429443359376,2.493159428787231,13.29846477508545,222.1680908203125,False
37,1.48,0.917304515838623,55.157799972221255,1,0,1,double,0.0,JUMPING,False,,,,,298.2208251953125,2.5759396900177,14.211813926696777,219.9834747314453,False
38,1.52,0.9227755665779114,49.95720001170412,1,0,1,double,0.0,JUMPING,False,,,,,298.2208251953125,2.657571885871887,15.85108757019043,214.64691162109375,False
39,1.56,0.9194623231887817,54.42359996959567,1,0,1,double,0.0,JUMPING,False,,,,,298.2208251953125,2.6811104284286498,17.525680541992188,208.03439331054688,True
40,1.6,0.9300371408462524,54.94569998700172,1,0,1,double,0.0,JUMPING,False,,,,,298.2208251953125,2.631463844299316,16.564041137695312,201.98182678222656,True
41,1.64,0.9293481111526489,41.75309999845922,1,0,1,double,0.0,JUMPING,False,,,,,298.2208251953125,2.565969322204589,15.578680038452148,197.20774841308594,True
42,1.68,0.9327987432479858,45.960300019942224,1,0,1,double,0.0,JUMPING,False,,,,,298.2208251953125,2.5772163574218747,13.7056884765625,194.14210510253906,True
43,1.72,0.9305393695831299,44.385000015608966,1,0,1,double,0.0,JUMPING,False,,,,,298.2208251953125,2.5777784448623655,11.613137245178223,193.03948974609375,True
44,1.76,0.9317857623100281,43.524499982595444,1,0,1,double,0.0,JUMPING,False,,,,,298.2208251953125,2.617302778625488,10.911598205566406,193.78924560546875,True
45,1.8,0.925866961479187,51.24570004409179,1,0,1,double,0.0,JUMPING,False,,,,,298.2208251953125,2.6396608257293694,9.881328582763672,195.50961303710938,True
46,1.84,0.8302199244499207,59.88660000730306,1,0,1,double,0.0,JUMPING,False,,,,,298.2208251953125,2.6258750949859615,10.270310401916504,199.392578125,True
47,1.88,0.9182196855545044,60.022099991329014,1,0,1,double,0.0,JUMPING,False,,,,,298.2208251953125,2.541780856513977,12.250869750976562,204.51097106933594,True
48,1.92,0.9140885472297668,55.728400009684265,2,0,2,double,93.75000209547584,JUMPING,True,0.6399999999999999,0.6399999999999999,25.36053466796875,272.86029052734375,298.2208251953125,2.503128170013427,14.380202293395996,210.73654174804688,False
49,1.96,0.9136425256729126,56.86430004425347,2,0,2,double,93.75000209547584,JUMPING,False,,0.6399999999999999,,,298.9550415039063,2.44068024520874,14.6002836227417,216.49163818359375,False
50,2.0,0.9136449694633484,40.192299988120794,2,0,2,double,93.75000209547584,JUMPING,False,,0.6399999999999999,,,298.9550415039063,2.42921046924591,13.442107200622559,218.97610473632812,False
51,2.04,0.900153636932373,48.832800006493926,2,0,2,double,93.75000209547584,JUMPING,False,,0.6399999999999999,,,298.9550415039063,2.4738489955902097,12.271309852600098,219.45358276367188,True
52,2.08,0.9159035682678223,71.83860003715381,2,0,2,double,93.75000209547584,JUMPING,False,,0.6399999999999999,,,298.9550415039063,2.560397855377197,13.018998146057129,216.61053466796875,True
53,2.12,0.9217391610145569,41.959800000768155,2,0,2,double,93.75000209547584,JUMPING,False,,0.6399999999999999,,,298.9550415039063,2.633792811775207,12.880986213684082,211.08544921875,True
54,2.16,0.9261292219161987,67.75490002473816,2,0,2,double,93.75000209547584,JUMPING,False,,0.6399999999999999,,,298.9550415039063,2.6166415710449216,13.252037048339844,205.740234375,True
55,2.2,0.9280881881713867,75.75560000259429,2,0,2,double,93.75000209547584,JUMPING,False,,0.6399999999999999,,,298.9550415039063,2.559849288940429,13.162293434143066,200.443603515625,True
56,2.24,0.9227291345596313,62.549700029194355,2,0,2,double,93.75000209547584,JUMPING,False,,0.6399999999999999,,,298.9550415039063,2.5414635704040527,11.842232704162598,195.75802612304688,True
57,2.28,0.9295912384986877,62.592700007371604,2,0,2,double,93.75000209547584,JUMPING,False,,0.6399999999999999,,,298.9550415039063,2.53047739906311,11.632278442382812,193.18234252929688,True
58,2.32,0.9223140478134155,56.770000024698675,2,0,2,double,93.75000209547584,JUMPING,False,,0.6399999999999999,,,298.9550415039063,2.524267496871948,12.920300483703613,192.5288848876953,True
59,2.36,0.9235222935676575,98.48619997501373,2,0,2,double,93.75000209547584,JUMPING,False,,0.6399999999999999,,,298.9550415039063,2.522131381607055,13.696988105773926,192.39117431640625,True
60,2.4,0.9232873320579529,41.50599997956306,2,0,2,double,93.75000209547584,JUMPING,False,,0.6399999999999999,,,298.9550415039063,2.5981991252899164,13.475334167480469,193.95004272460938,True
61,2.44,0.8298899531364441,43.20760001428425,2,0,2,double,93.75000209547584,JUMPING,False,,0.6399999999999999,,,298.9550415039063,2.5845514511108396,14.19796085357666,198.35174560546875,True
62,2.48,0.9016416072845459,52.9693000135012,2,0,2,double,93.75000209547584,JUMPING,False,,0.6399999999999999,,,298.9550415039063,2.5176328521728513,13.983503341674805,204.38223266601562,True
63,2.52,0.9027475714683533,45.22930004168302,2,0,2,double,93.75000209547584,JUMPING,False,,0.6399999999999999,,,298.9550415039063,2.36904261264801,13.697273254394531,212.8944091796875,True
64,2.56,0.904674232006073,66.51599996257573,2,0,2,double,93.75000209547584,JUMPING,False,,0.6399999999999999,,,298.9550415039063,2.350339099693298,12.71877670288086,217.27752685546875,True
65,2.6,0.9022487998008728,44.81509997276589,2,0,2,double,93.75000209547584,JUMPING,False,,0.6399999999999999,,,298.9550415039063,2.382926040267944,13.262679100036621,218.89645385742188,True
66,2.64,0.917448878288269,38.20020001148805,2,0,2,double,93.75000209547584,JUMPING,False,,0.6399999999999999,,,298.9550415039063,2.447829094696045,13.962382316589355,218.22653198242188,True
67,2.68,0.9224286079406738,48.54719998547807,2,0,2,double,93.75000209547584,JUMPING,False,,0.6399999999999999,,,298.9550415039063,2.534294591903686,14.66775131225586,215.73211669921875,True
68,2.72,0.9211544990539551,79.3419000110589,2,0,2,double,93.75000209547584,JUMPING,False,,0.6399999999999999,,,298.9550415039063,2.585500767898559,15.718080520629883,211.55755615234375,True
69,2.76,0.9218397736549377,53.819899971131235,2,0,2,double,93.75000209547584,JUMPING,False,,0.6399999999999999,,,298.9550415039063,2.607731432914733,15.363250732421875,206.6214599609375,True
70,2.8,0.925926685333252,56.081200018525124,2,0,2,double,93.75000209547584,JUMPING,False,,0.6399999999999999,,,298.0483154296875,2.5276699100494384,15.288281440734863,201.66015625,True
71,2.84,0.9245202541351318,66.20930001372471,2,0,2,double,93.75000209547584,JUMPING,False,,0.6399999999999999,,,297.53212280273436,2.514691373062133,14.432174682617188,198.83204650878906,True
72,2.88,0.9259419441223145,65.539599978365,2,0,2,double,93.75000209547584,JUMPING,False,,0.6399999999999999,,,297.34772338867185,2.4787278413772578,12.549528121948242,196.98809814453125,True
73,2.92,0.9349937438964844,52.73809999926016,2,0,2,double,93.75000209547584,JUMPING,False,,0.6399999999999999,,,296.76976318359374,2.509842314147949,11.503746032714844,196.414794921875,True
74,2.96,0.9299018979072571,44.09550002310425,2,0,2,double,93.75000209547584,JUMPING,False,,0.6399999999999999,,,296.13401489257814,2.5011431240081783,11.478157997131348,196.45013427734375,True
75,3.0,0.9326435923576355,62.95319995842874,2,0,2,double,93.75000209547584,JUMPING,False,,0.6399999999999999,,,295.93748779296874,2.5434974140167235,11.07107162475586,198.3990478515625,True
76,3.04,0.9102959632873535,61.829399957787246,2,0,2,double,93.75000209547584,JUMPING,False,,0.6399999999999999,,,295.93748779296874,2.554689958572387,10.973398208618164,201.87173461914062,True
77,3.08,0.9051497578620911,47.11630003293976,2,0,2,double,93.75000209547584,JUMPING,False,,0.6399999999999999,,,295.93748779296874,2.3956544895172116,14.45358943939209,209.24554443359375,True
78,3.12,0.9119317531585693,41.81680001784116,3,0,3,double,65.217394346551,JUMPING,True,1.2000000000000002,0.7632,22.47636718749999,273.46112060546875,295.93748779296874,2.341841504669189,15.283485412597656,216.33531188964844,False
79,3.16,0.8992429375648499,50.67640001652762,3,0,3,double,65.217394346551,JUMPING,False,,0.7632,,,295.93748779296874,2.309951658248901,14.041190147399902,220.37095642089844,False
80,3.2,0.9058177471160889,62.27809999836609,3,0,3,double,65.217394346551,JUMPING,False,,0.7632,,,295.93748779296874,2.318781280326843,12.963823318481445,222.451416015625,False
81,3.24,0.9184683561325073,58.605600032024086,3,0,3,double,65.217394346551,JUMPING,False,,0.7632,,,295.93748779296874,2.4470603290557857,14.320676803588867,220.11163330078125,True
82,3.28,0.9293842315673828,41.92089999560267,3,0,3,double,65.217394346551,JUMPING,False,,0.7632,3.1571838378906136,292.7803039550781,295.93748779296874,2.5427459308624263,15.69719409942627,215.88729858398438,False
83,3.32,0.9231080412864685,45.33570003695786,3,0,3,double,65.217394346551,JUMPING,False,,0.7632,,,295.93748779296874,2.5461025962829584,16.2423038482666,209.66390991210938,True
84,3.36,0.9282834529876709,64.01630002073944,3,0,3,double,65.217394346551,JUMPING,False,,0.7632,,,295.93748779296874,2.5140525310516355,16.02934455871582,203.416259765625,True
85,3.4,0.9256424307823181,55.605400004424155,3,0,3,double,65.217394346551,JUMPING,False,,0.7632,,,294.7605346679687,2.4895516590118403,14.619121551513672,198.82174682617188,True
86,3.44,0.930091917514801,40.24309996748343,3,0,3,double,65.217394346551,JUMPING,False,,0.7632,,,294.1565185546875,2.492291847991943,13.761773109436035,196.18882751464844,True
87,3.48,0.9250961542129517,44.38249999657273,3,0,3,double,65.217394346551,JUMPING,False,,0.7632,,,294.0550109863281,2.4626743434906,12.093620300292969,194.27142333984375,True
88,3.52,0.9293693900108337,40.74000002583489,3,0,3,double,65.217394346551,JUMPING,False,,0.7632,,,293.903759765625,2.466518781661987,9.760636329650879,194.16860961914062,True
89,3.56,0.9277822971343994,43.365899997297674,3,0,3,double,65.217394346551,JUMPING,False,,0.7632,,,293.7892578125,2.4962489273071284,9.980220794677734,195.64207458496094,True
90,3.6,0.9282020330429077,57.05540004419163,3,0,3,double,65.217394346551,JUMPING,False,,0.7632,,,293.68975830078125,2.5039001888275143,11.374588012695312,197.06790161132812,True
91,3.64,0.9121986627578735,41.44050000468269,3,0,3,double,65.217394346551,JUMPING,False,,0.7632,,,293.68975830078125,2.436341324615478,16.9113712310791,203.14373779296875,True
92,3.68,0.6435078382492065,50.83199997898191,3,0,3,double,65.217394346551,JUMPING,False,,0.7632,,,293.68975830078125,2.4183730289459224,19.51615333557129,207.27102661132812,True
93,3.72,0.9128586649894714,58.43640002422035,4,0,4,double,73.7704918753617,JUMPING,True,0.6000000000000001,0.727296,20.5771484375,273.11260986328125,293.68975830078125,2.3516044826507563,19.521242141723633,211.697265625,False
94,3.76,0.9133691787719727,53.793200000654906,4,0,4,double,73.7704918753617,JUMPING,False,,0.727296,,,293.68975830078125,2.2939473646163937,18.165363311767578,216.07948303222656,False
95,3.8,0.9156469106674194,39.535999996587634,4,0,4,double,73.7704918753617,JUMPING,False,,0.727296,,,293.68975830078125,2.3491617557525633,15.511160850524902,217.8546905517578,False
96,3.84,0.9106703996658325,45.98779999651015,4,0,4,double,73.7704918753617,JUMPING,False,,0.727296,,,293.68975830078125,2.4404442884445188,15.480278015136719,216.18658447265625,True
97,3.88,0.9222836494445801,73.9668000023812,4,0,4,double,73.7704918753617,JUMPING,False,,0.727296,,,293.68975830078125,2.4938596744537347,15.872459411621094,211.384521484375,True
98,3.92,0.9292290806770325,57.16349999420345,4,0,4,double,73.7704918753617,JUMPING,False,,0.727296,,,293.68975830078125,2.545816520309448,16.2608642578125,205.21786499023438,True
99,3.96,0.9312140345573425,84.67160002328455,4,0,4,double,73.7704918753617,JUMPING,False,,0.727296,,,293.68975830078125,2.5268197134017942,15.680012702941895,199.4913330078125,True
100,4.0,0.9274208545684814,72.32179999118671,4,0,4,double,73.7704918753617,JUMPING,False,,0.727296,,,293.48802490234374,2.4829893974304196,15.52849006652832,194.68380737304688,True
101,4.04,0.9321836233139038,40.77759996289387,4,0,4,double,73.7704918753617,JUMPING,False,,0.727296,,,293.48802490234374,2.4961168687820434,15.619277000427246,191.5991973876953,True
102,4.08,0.9397256374359131,76.4010000275448,4,0,4,double,73.7704918753617,JUMPING,False,,0.727296,,,293.48802490234374,2.493616703033447,15.440834045410156,189.66619873046875,True
103,4.12,0.9367466568946838,69.0910000121221,4,0,4,double,73.7704918753617,JUMPING,False,,0.727296,,,293.48802490234374,2.5079610647201536,14.547748565673828,189.64614868164062,True
104,4.16,0.9299063682556152,63.35970002692193,4,0,4,double,73.7704918753617,JUMPING,False,,0.727296,,,293.10590209960935,2.5591878780364987,14.77362060546875,190.833740234375,True
105,4.2,0.9237642288208008,57.660199992824346,4,0,4,double,73.7704918753617,JUMPING,False,,0.727296,,,293.10590209960935,2.584334505081176,16.08404541015625,194.0799560546875,True
106,4.24,0.9069650173187256,48.3712000423111,4,0,4,double,73.7704918753617,JUMPING,False,,0.727296,,,293.10590209960935,2.562674060440063,17.41522979736328,197.70755004882812,True
107,4.28,0.9168441891670227,51.48429999826476,4,0,4,double,73.7704918753617,JUMPING,False,,0.727296,,,293.10590209960935,2.5588399917602533,18.098758697509766,200.05865478515625,True
108,4.32,0.9309682250022888,58.230699971318245,5,0,5,double,78.94736322009366,JUMPING,True,0.6000000000000001,0.6992908800000001,26.45294189453125,267.23681640625,293.68975830078125,2.4051915752410884,19.62725257873535,208.3742218017578,False
109,4.36,0.9309569597244263,43.909600004553795,5,0,5,double,78.94736322009366,JUMPING,False,,0.6992908800000001,,,293.903759765625,2.4032695594787596,20.8742618560791,213.74188232421875,False
110,4.4,0.9156122803688049,101.23570001451299,5,0,5,double,78.94736322009366,JUMPING,False,,0.6992908800000001,,,294.08897094726564,2.3779816226959225,19.836149215698242,216.4617919921875,False
111,4.44,0.9281282424926758,47.56670002825558,5,0,5,double,78.94736322009366,JUMPING,False,,0.6992908800000001,,,294.35596923828126,2.482974656486511,19.083742141723633,215.8070068359375,False
112,4.48,0.9225406050682068,58.42840002151206,5,0,5,double,78.94736322009366,JUMPING,False,,0.6992908800000001,,,294.35596923828126,2.524484747886657,18.721633911132812,212.25604248046875,False
113,4.52,0.931020200252533,44.9697999865748,5,0,5,double,78.94736322009366,JUMPING,False,,0.6992908800000001,,,294.35596923828126,2.5834601129531856,18.910850524902344,206.97451782226562,True
114,4.56,0.932849109172821,57.23710003076121,5,0,5,double,78.94736322009366,JUMPING,False,,0.6992908800000001,,,294.35596923828126,2.5666640781402585,15.1293363571167,201.77288818359375,True
115,4.6,0.9279884099960327,66.27499999012798,5,0,5,double,78.94736322009366,JUMPING,False,,0.6992908800000001,,,294.23748168945315,2.488974627304077,13.883259773254395,197.58511352539062,True
116,4.64,0.9253184199333191,52.910400030668825,5,0,5,double,78.94736322009366,JUMPING,False,,0.6992908800000001,,,294.23748168945315,2.493367428588867,14.042675018310547,195.16493225097656,True
117,4.68,0.9313505291938782,64.69500000821427,5,0,5,double,78.94736322009366,JUMPING,False,,0.6992908800000001,,,293.9880737304687,2.525590115356445,11.313830375671387,193.6729278564453,True
118,4.72,0.929337739944458,42.08380001364276,5,0,5,double,78.94736322009366,JUMPING,False,,0.6992908800000001,,,293.9880737304687,2.5153570537567136,10.140552520751953,193.25436401367188,True
119,4.76,0.928754985332489,68.58419999480247,5,0,5,double,78.94736322009366,JUMPING,False,,0.6992908800000001,,,293.67587890625,2.598405498504638,9.904080390930176,194.6398162841797,True
120,4.8,0.920056939125061,98.88210002100095,5,0,5,double,78.94736322009366,JUMPING,False,,0.6992908800000001,,,293.67587890625,2.584433015251159,10.922531127929688,196.93524169921875,True
121,4.84,0.9188886284828186,79.80489998590201,5,0,5,double,0.0,JUMPING,False,0.5199999999999996,,20.953802490234352,272.7220764160156,293.67587890625,2.537871761512756,11.516250610351562,202.0214080810547,False
122,4.88,0.9212653040885925,43.62020001281053,5,0,5,double,78.94736322009366,JUMPING,False,,0.6992908800000001,,,294.69549560546875,2.4786370574951166,13.902432441711426,209.10150146484375,False
123,4.92,0.9144361615180969,44.121599989011884,5,0,5,double,78.94736322009366,JUMPING,False,,0.6992908800000001,,,295.4074768066406,2.4274339313507074,14.463597297668457,214.79730224609375,False
124,4.96,0.9173710346221924,61.49700004607439,5,0,5,double,78.94736322009366,JUMPING,False,,0.6992908800000001,,,296.2479553222656,2.4408683193206784,13.492777824401855,217.46163940429688,False
125,5.0,0.9170026779174805,61.669600021559745,5,0,5,double,78.94736322009366,JUMPING,False,,0.6992908800000001,,,296.2479553222656,2.4870095069885254,11.990211486816406,216.78509521484375,False
126,5.04,0.902014970779419,54.4266999932006,5,0,5,double,78.94736322009366,JUMPING,False,,0.6992908800000001,,,296.2479553222656,2.5397743598937983,12.201508522033691,214.13070678710938,True
127,5.08,0.9135708808898926,72.91170000098646,5,0,5,double,78.94736322009366,JUMPING,False,,0.6992908800000001,,,296.2479553222656,2.615422139167785,13.412145614624023,208.93365478515625,True
128,5.12,0.9144634008407593,43.92209998331964,5,0,5,double,78.94736322009366,JUMPING,False,,0.6992908800000001,,,296.2479553222656,2.6224151412963863,13.894922256469727,205.52310180664062,True
129,5.16,0.9319040775299072,57.140099990647286,5,0,5,double,78.94736322009366,JUMPING,False,,0.6992908800000001,,,296.2479553222656,2.5735393560409543,11.490370750427246,199.84603881835938,True
130,5.2,0.9291234612464905,70.91720000607893,5,0,5,double,78.94736322009366,JUMPING,False,,0.6992908800000001,,,296.2479553222656,2.53818711605072,8.272428512573242,195.63360595703125,True
131,5.24,0.9277001023292542,61.63810001453385,5,0,5,double,78.94736322009366,JUMPING,False,,0.6992908800000001,,,296.2479553222656,2.5184422824859616,7.034541130065918,193.4197235107422,True
132,5.28,0.9297153949737549,55.158200033474714,5,0,5,double,78.94736322009366,JUMPING,False,,0.6992908800000001,,,296.2479553222656,2.5580614665985104,6.520707130432129,192.341552734375,True
133,5.32,0.9293575286865234,71.71470002504066,5,0,5,double,78.94736322009366,JUMPING,False,,0.6992908800000001,,,296.2479553222656,2.5449418231964107,8.427530288696289,192.53018188476562,True
134,5.36,0.9288895726203918,68.25899996329099,5,0,5,double,78.94736322009366,JUMPING,False,,0.6992908800000001,,,296.2479553222656,2.5882232677459713,11.203925132751465,193.9994659423828,True
135,5.4,0.930077075958252,73.90730001498014,5,0,5,double,78.94736322009366,JUMPING,False,,0.6992908800000001,,,296.2479553222656,2.616639741134643,12.700974464416504,197.42947387695312,True
136,5.44,0.9274817705154419,52.7027000207454,5,0,5,double,78.94736322009366,JUMPING,False,,0.6992908800000001,,,296.2479553222656,2.5732457571029657,13.948301315307617,202.6133270263672,True
137,5.48,0.9190758466720581,47.391199972480536,5,0,5,double,0.0,JUMPING,False,1.1600000000000001,,23.942779541015625,272.30517578125,296.2479553222656,2.520064192962646,16.117334365844727,208.4947509765625,False
138,5.52,0.906905472278595,74.0976000088267,5,0,5,double,78.94736322009366,JUMPING,False,,0.6992908800000001,,,296.319140625,2.443875268554687,15.020181655883789,214.55722045898438,False
139,5.56,0.9163740873336792,79.19550000224262,5,0,5,double,78.94736322009366,JUMPING,False,,0.6992908800000001,,,296.6007568359375,2.461201672363281,13.85970401763916,217.64486694335938,False
140,5.6,0.9240538477897644,57.22529999911785,5,0,5,double,78.94736322009366,JUMPING,False,,0.6992908800000001,,,296.7230529785156,2.5385504549026487,13.892745018005371,217.61668395996094,False
141,5.64,0.9254327416419983,67.5335000269115,5,0,5,double,78.94736322009366,JUMPING,False,,0.6992908800000001,,,296.7230529785156,2.538918368530273,14.226634979248047,217.0634002685547,False
142,5.68,0.9172919392585754,54.4893000042066,5,0,5,double,78.94736322009366,JUMPING,False,,0.6992908800000001,,,296.7230529785156,2.6503572612762447,15.974910736083984,210.41458129882812,True
143,5.72,0.9148145318031311,48.03189996164292,5,0,5,double,78.94736322009366,JUMPING,False,,0.6992908800000001,,,296.7230529785156,2.634882523345947,16.5106201171875,205.8126220703125,True
144,5.76,0.9283068776130676,58.519399957731366,5,0,5,double,78.94736322009366,JUMPING,False,,0.6992908800000001,,,296.7230529785156,2.6389737960815425,16.197185516357422,201.0651397705078,True
145,5.8,0.9294294118881226,66.06279994593933,5,0,5,double,78.94736322009366,JUMPING,False,,0.6992908800000001,,,296.7230529785156,2.5391190486907957,13.912099838256836,197.05934143066406,True
146,5.84,0.9270233511924744,60.96969998907298,5,0,5,double,78.94736322009366,STOPPED,False,,0.6992908800000001,,,296.7230529785156,2.52404221458435,12.127423286437988,194.9777069091797,True
147,5.88,0.9257234334945679,48.89599996386096,5,0,5,double,78.94736322009366,STOPPED,False,,0.6992908800000001,,,296.7230529785156,2.5390144388198848,11.384970664978027,194.5679473876953,True
148,5.92,0.9304232597351074,46.017699991352856,5,0,5,double,78.94736322009366,STOPPED,False,,0.6992908800000001,,,296.7230529785156,2.59658524608612,11.419646263122559,195.8967742919922,True
149,5.96,0.9310287833213806,59.7766000428237,5,0,5,double,78.94736322009366,STOPPED,False,,0.6992908800000001,,,296.7230529785156,2.5936159116744992,11.300232887268066,197.53524780273438,True
150,6.0,0.9195041656494141,64.96150000020862,5,0,5,double,78.94736322009366,STOPPED,False,,0.6992908800000001,,,296.7230529785156,2.5337726608276365,13.447896003723145,203.46832275390625,True
151,6.04,0.9159536361694336,68.60220001544803,5,0,5,double,0.0,STOPPED,False,1.7199999999999998,,23.132476806640625,273.590576171875,296.7230529785156,2.4698819534301752,14.672286033630371,210.0560302734375,False
152,6.08,0.9045532941818237,64.34709997847676,5,0,5,double,0.0,STOPPED,False,,,,,296.7230529785156,2.4208951536178587,14.846452713012695,215.97274780273438,False
153,6.12,0.9106783866882324,90.17250000033528,5,0,5,double,0.0,STOPPED,False,,,,,296.7230529785156,2.4195606407165524,13.356912612915039,219.05307006835938,False
154,6.16,0.9064939022064209,70.68040000740439,5,0,5,double,0.0,STOPPED,False,,,,,296.7230529785156,2.41441798286438,13.490679740905762,220.51309204101562,False
155,6.2,0.9227616190910339,69.40010003745556,5,0,5,double,0.0,STOPPED,False,,,,,296.7230529785156,2.558129478263855,15.623857498168945,216.84918212890625,True
156,6.24,0.9165040254592896,48.93420002190396,5,0,5,double,0.0,STOPPED,False,,,,,296.7230529785156,2.556040635681152,16.428916931152344,213.51556396484375,True
157,6.28,0.9107864499092102,41.44599998835474,5,0,5,double,0.0,STOPPED,False,,,,,296.7230529785156,2.610161452102661,16.694255828857422,208.2181396484375,True
158,6.32,0.9298147559165955,46.04200000176206,5,0,5,double,0.0,STOPPED,False,,,,,296.7230529785156,2.577290062141418,16.082677841186523,201.16342163085938,True
159,6.36,0.9250649809837341,65.70590002229437,5,0,5,double,0.0,STOPPED,False,,,,,296.7230529785156,2.5856280483245846,14.6336669921875,196.41647338867188,True
160,6.4,0.9332185983657837,53.3655000035651,5,0,5,double,0.0,STOPPED,False,,,,,296.5290832519531,2.5136149791717526,13.041893005371094,193.8357696533203,True
161,6.44,0.9291257858276367,85.27939999476075,5,0,5,double,0.0,STOPPED,False,,,,,296.2326171875,2.522367745018005,11.848708152770996,193.31961059570312,True
162,6.48,0.9243391156196594,55.53990002954379,5,0,5,double,0.0,STOPPED,False,,,,,296.2326171875,2.5875945919036862,11.989871978759766,194.21646118164062,True
163,6.52,0.9266810417175293,54.56479999702424,5,0,5,double,0.0,STOPPED,False,,,,,296.2326171875,2.602362171173095,12.38814640045166,194.9473419189453,True
164,6.56,0.9286385774612427,66.68850005371496,5,0,5,double,0.0,STOPPED,False,,,,,296.2326171875,2.5933844280242915,11.908186912536621,198.48976135253906,True
165,6.6,0.9027369022369385,67.43519997689873,5,0,5,double,0.0,STOPPED,False,,,,,296.2326171875,2.5316857498168943,12.631566047668457,203.00314331054688,True
166,6.64,0.9026820063591003,58.40290000196546,6,0,6,double,0.0,JUMPING,True,,,21.24079589843751,274.9918212890625,296.2326171875,2.457120565795898,14.567276000976562,208.50228881835938,False
167,6.68,0.9221920967102051,54.37199998414144,6,0,6,double,0.0,JUMPING,False,,,,,296.5290832519531,2.396889068984985,15.449725151062012,214.31591796875,False
168,6.72,0.9108734130859375,41.00770002696663,6,0,6,double,0.0,JUMPING,False,,,,,296.5290832519531,2.346856272125244,14.43624210357666,217.1724090576172,True
169,6.76,0.9212350845336914,59.561099973507226,6,0,6,double,0.0,JUMPING,False,,,,,296.5290832519531,2.505035648155212,14.98831844329834,216.5526123046875,True
170,6.8,0.9200467467308044,58.9132999884896,6,0,6,double,0.0,JUMPING,False,,,,,296.5290832519531,2.5953353157043453,14.716312408447266,212.97006225585938,True
171,6.84,0.9229006767272949,52.90980002610013,6,0,6,double,0.0,JUMPING,False,,,,,296.5290832519531,2.5790829675674436,15.112677574157715,210.10903930664062,True
172,6.88,0.928371787071228,49.75280002690852,6,0,6,double,0.0,JUMPING,False,,,,,296.5290832519531,2.5942418426513667,14.92595100402832,203.33053588867188,True
173,6.92,0.9297158122062683,56.33499997202307,6,0,6,double,0.0,JUMPING,False,,,,,296.5290832519531,2.547422978210449,12.607061386108398,198.08445739746094,True
174,6.96,0.9269843101501465,40.96479999134317,6,0,6,double,0.0,JUMPING,False,,,,,296.5290832519531,2.5561933315277097,12.071520805358887,194.3338623046875,True
175,7.0,0.9270732998847961,53.08909999439493,6,0,6,double,0.0,JUMPING,False,,,,,296.2326171875,2.5480246120452876,12.051183700561523,192.79617309570312,True
176,7.04,0.9259724617004395,65.59920002473518,6,0,6,double,0.0,JUMPING,False,,,,,295.63642578125,2.5601325183868404,11.978925704956055,192.55718994140625,True
177,7.08,0.920706033706665,46.44359997473657,6,0,6,double,0.0,JUMPING,False,,,,,295.2719482421875,2.6352090606689447,12.170426368713379,194.83612060546875,True
178,7.12,0.9257631897926331,49.48250000597909,6,0,6,double,0.0,JUMPING,False,,,,,295.0918212890625,2.596935063934326,12.012737274169922,197.98828125,True
179,7.16,0.9022005796432495,53.15230000996962,7,0,7,double,115.38461961689801,JUMPING,True,0.5200000000000005,0.5200000000000005,21.286065673828148,273.8057556152344,295.0918212890625,2.552372072219848,13.550068855285645,203.4826202392578,False
180,7.2,0.908852756023407,67.7062000031583,7,0,7,double,115.38461961689801,JUMPING,False,,0.5200000000000005,,,295.2719482421875,2.499311587142944,15.476770401000977,209.6186981201172,False
181,7.24,0.9043194055557251,66.69040000997484,7,0,7,double,115.38461961689801,JUMPING,False,,0.5200000000000005,,,295.63642578125,2.489608894538879,16.112829208374023,213.3837890625,False
182,7.28,0.9061909317970276,65.3619000222534,7,0,7,double,115.38461961689801,JUMPING,False,,0.5200000000000005,,,295.63642578125,2.4201123586654663,14.78623104095459,217.1210174560547,False
183,7.32,0.9046334028244019,61.10379996243864,7,0,7,double,115.38461961689801,JUMPING,False,,0.5200000000000005,,,295.63642578125,2.4573411716461178,13.888883590698242,219.05703735351562,False
184,7.36,0.8966616988182068,75.77940000919625,7,0,7,double,115.38461961689801,JUMPING,False,,0.5200000000000005,,,295.63642578125,2.4506398368835445,12.954211235046387,219.8006591796875,False
185,7.4,0.9175078272819519,67.54540000110865,7,0,7,double,115.38461961689801,JUMPING,False,,0.5200000000000005,,,295.63642578125,2.5372356643676754,13.390161514282227,217.59982299804688,False
186,7.44,0.9191837310791016,52.14700003853068,7,0,7,double,115.38461961689801,JUMPING,False,,0.5200000000000005,,,295.63642578125,2.628563334846496,15.646535873413086,209.15969848632812,True
187,7.48,0.9274684190750122,41.63260001223534,7,0,7,double,115.38461961689801,JUMPING,False,,0.5200000000000005,,,295.63642578125,2.609015114974975,15.864106178283691,202.35641479492188,True
188,7.52,0.9256080389022827,48.781300021801144,7,0,7,double,115.38461961689801,JUMPING,False,,0.5200000000000005,,,295.63642578125,2.620327416992187,16.787986755371094,197.96920776367188,True
189,7.56,0.9294737577438354,40.75909999664873,7,0,7,double,115.38461961689801,JUMPING,False,,0.5200000000000005,,,295.2438232421875,2.544086645126342,15.0245943069458,194.45394897460938,True
190,7.6,0.9261660575866699,61.54550000792369,7,0,7,double,115.38461961689801,JUMPING,False,,0.5200000000000005,,,295.102294921875,2.5454295959472653,14.861138343811035,192.16131591796875,True
191,7.64,0.9197724461555481,44.99769996618852,7,0,7,double,115.38461961689801,JUMPING,False,,0.5200000000000005,,,295.102294921875,2.566519921875,12.572031021118164,191.14427185058594,True
192,7.68,0.9175719618797302,51.07270000735298,7,0,7,double,115.38461961689801,JUMPING,False,,0.5200000000000005,,,295.102294921875,2.6055787467956537,11.131332397460938,191.83837890625,True
193,7.72,0.9182412028312683,61.6440000012517,7,0,7,double,115.38461961689801,JUMPING,False,,0.5200000000000005,,,295.102294921875,2.60481689414978,11.837509155273438,195.23654174804688,True
194,7.76,0.906919538974762,51.4971999800764,7,0,7,double,115.38461961689801,JUMPING,False,,0.5200000000000005,,,295.102294921875,2.565205537986755,12.872673034667969,200.58404541015625,True
195,7.8,0.9155772924423218,46.62849998567253,8,0,8,double,103.44824694567387,JUMPING,True,0.6399999999999997,0.5464000000000002,22.454992675781227,272.84735107421875,295.30234375,2.48776759815216,14.929218292236328,207.09307861328125,False
196,7.84,0.9261897206306458,52.047899982426316,8,0,8,double,103.44824694567387,JUMPING,False,,0.5464000000000002,,,295.80858154296874,2.473376065444946,14.621249198913574,213.87664794921875,False
197,7.88,0.9110593795776367,69.40969999413937,8,0,8,double,103.44824694567387,JUMPING,False,,0.5464000000000002,,,296.2833618164062,2.459468442344665,13.865859985351562,217.03321838378906,False
198,7.92,0.9129992723464966,97.71369997179136,8,0,8,double,103.44824694567387,JUMPING,False,,0.5464000000000002,,,296.547900390625,2.481450442886352,14.1679048538208,218.4075927734375,False
199,7.96,0.9240763783454895,51.148500002454966,8,0,8,double,103.44824694567387,JUMPING,False,,0.5464000000000002,,,296.547900390625,2.5987086536407467,12.836142539978027,214.75743103027344,False
200,8.0,0.9051339030265808,61.67739996453747,8,0,8,double,103.44824694567387,JUMPING,False,,0.5464000000000002,,,296.547900390625,2.6541638813018795,14.10875415802002,209.38497924804688,True
201,8.04,0.9209113121032715,46.491799992509186,8,0,8,double,103.44824694567387,JUMPING,False,,0.5464000000000002,,,296.547900390625,2.646571685218811,13.21263313293457,203.60299682617188,True
202,8.08,0.9187912344932556,54.82970003504306,8,0,8,double,103.44824694567387,JUMPING,False,,0.5464000000000002,,,296.547900390625,2.5934315990447994,12.964192390441895,198.4925537109375,True
203,8.12,0.9216365218162537,61.4511999883689,8,0,8,double,103.44824694567387,JUMPING,False,,0.5464000000000002,,,296.547900390625,2.5973456754684445,12.741456031799316,195.52163696289062,True
204,8.16,0.9245015382766724,65.94689999474213,8,0,8,double,103.44824694567387,JUMPING,False,,0.5464000000000002,,,296.2833618164062,2.6089999673843383,11.718710899353027,193.37530517578125,True
205,8.2,0.9253109097480774,49.61500002536923,8,0,8,double,103.44824694567387,JUMPING,False,,0.5464000000000002,,,296.2833618164062,2.6011176288604734,12.104214668273926,192.47764587402344,True
206,8.24,0.9197263121604919,48.60869998810813,8,0,8,double,103.44824694567387,JUMPING,False,,0.5464000000000002,,,296.2833618164062,2.627789791107177,12.815021514892578,193.55191040039062,True
207,8.28,0.9218835234642029,61.337799998000264,8,0,8,double,103.44824694567387,JUMPING,False,,0.5464000000000002,,,296.2833618164062,2.636699624252319,13.379261016845703,196.52655029296875,True
208,8.32,0.9095186591148376,56.85220001032576,8,0,8,double,103.44824694567387,JUMPING,False,,0.5464000000000002,,,296.2833618164062,2.5853779605865475,15.750547409057617,200.87408447265625,True
209,8.36,0.9140956997871399,58.24049998773262,9,0,9,double,104.65117555621536,JUMPING,True,0.5599999999999996,0.5493920000000001,21.297521972656227,275.2474365234375,296.5449584960937,2.5030000762939446,18.434316635131836,207.37600708007812,False
210,8.4,0.9147906303405762,51.995999994687736,9,0,9,double,104.65117555621536,JUMPING,False,,0.5493920000000001,,,296.9562622070313,2.5231368156433103,18.925540924072266,211.579833984375,False
211,8.44,0.9045674800872803,49.222400004509836,9,0,9,double,104.65117555621536,JUMPING,False,,0.5493920000000001,,,297.1409484863281,2.4472004188537593,17.851381301879883,216.60792541503906,False
212,8.48,0.8923286199569702,54.14369999198243,9,0,9,double,104.65117555621536,JUMPING,False,,0.5493920000000001,,,297.2889343261719,2.4879214122772213,16.616453170776367,217.62847900390625,False
213,8.52,0.9253114461898804,44.87939999671653,9,0,9,double,104.65117555621536,JUMPING,False,,0.5493920000000001,,,297.2889343261719,2.6029894237518305,17.305782318115234,215.77816772460938,False
214,8.56,0.9132604002952576,47.68950003199279,9,0,9,double,104.65117555621536,JUMPING,False,,0.5493920000000001,,,297.2889343261719,2.637485265731811,17.486684799194336,211.55059814453125,True
215,8.6,0.9214812517166138,72.16139999218285,9,0,9,double,104.65117555621536,JUMPING,False,,0.5493920000000001,,,297.2889343261719,2.66037703666687,18.38761329650879,206.0167236328125,True
216,8.64,0.9202021360397339,78.01369996741414,9,0,9,double,104.65117555621536,JUMPING,False,,0.5493920000000001,,,297.2889343261719,2.672866784286499,18.737041473388672,202.14816284179688,True
217,8.68,0.9192296862602234,41.93649999797344,9,0,9,double,104.65117555621536,JUMPING,False,,0.5493920000000001,,,297.2889343261719,2.5792632137298583,16.237972259521484,197.09030151367188,True
218,8.72,0.922843337059021,60.71069999597967,9,0,9,double,104.65117555621536,JUMPING,False,,0.5493920000000001,,,297.2889343261719,2.567062591934204,14.464244842529297,193.70068359375,True
219,8.76,0.929510235786438,52.399299980606884,9,0,9,double,104.65117555621536,JUMPING,False,,0.5493920000000001,,,297.2889343261719,2.5604309970855708,12.9037504196167,192.33609008789062,True
220,8.8,0.9211183786392212,53.648100001737475,9,0,9,double,104.65117555621536,JUMPING,False,,0.5493920000000001,,,297.2889343261719,2.5725853628158566,12.30980110168457,192.9615478515625,True
221,8.84,0.9237368702888489,80.08889999473467,9,0,9,double,104.65117555621536,JUMPING,False,,0.5493920000000001,,,297.2889343261719,2.591032789993286,11.479784965515137,195.3805389404297,True
222,8.88,0.9156551957130432,49.44829997839406,9,0,9,double,104.65117555621536,JUMPING,False,,0.5493920000000001,,,297.2889343261719,2.6134283502578732,11.123856544494629,198.8079833984375,True
223,8.92,0.9182723164558411,54.80919999536127,9,0,9,double,104.65117555621536,JUMPING,False,,0.5493920000000001,,,297.2889343261719,2.5562640880584713,11.703187942504883,204.34890747070312,True
224,8.96,0.909485936164856,41.93119995761663,10,0,10,double,103.44826820772751,JUMPING,True,0.6000000000000014,0.5605257600000004,22.415216064453148,274.87371826171875,297.2889343261719,2.484870545196533,12.64095401763916,210.97232055664062,False
225,9.0,0.9083330035209656,49.388399987947196,10,0,10,double,103.44826820772751,JUMPING,False,,0.5605257600000004,,,297.51357421875,2.4389440670013425,11.734344482421875,216.30078125,False
226,9.04,0.9034528136253357,64.70690004061908,10,0,10,double,103.44826820772751,JUMPING,False,,0.5605257600000004,,,298.04241333007815,2.451612434196472,11.50405502319336,218.52833557128906,False
227,9.08,0.9028249979019165,53.51009999867529,10,0,10,double,103.44826820772751,JUMPING,False,,0.5605257600000004,,,298.04241333007815,2.46040271320343,11.733441352844238,219.59776306152344,False
228,9.12,0.9225974678993225,44.34590000892058,10,0,10,double,103.44826820772751,JUMPING,False,,0.5605257600000004,,,298.04241333007815,2.619578170394897,11.779231071472168,214.9713134765625,True
229,9.16,0.917647659778595,51.984399964567274,10,0,10,double,103.44826820772751,JUMPING,False,,0.5605257600000004,,,298.04241333007815,2.6360490911483763,11.755480766296387,208.4999237060547,True
230,9.2,0.9205670952796936,63.3815000182949,10,0,10,double,103.44826820772751,JUMPING,False,,0.5605257600000004,,,298.04241333007815,2.6171834278106685,11.786616325378418,203.93014526367188,True
231,9.24,0.9328088164329529,59.3358000041917,10,0,10,double,103.44826820772751,JUMPING,False,,0.5605257600000004,,,298.04241333007815,2.6095114273071287,12.611675262451172,199.45138549804688,True
232,9.28,0.929152250289917,52.461299987044185,10,0,10,double,103.44826820772751,JUMPING,False,,0.5605257600000004,,,298.04241333007815,2.565109976005554,12.755757331848145,194.8822021484375,True
233,9.32,0.9285436272621155,85.2110999985598,10,0,10,double,103.44826820772751,JUMPING,False,,0.5605257600000004,,,298.04241333007815,2.5692511646270746,12.978377342224121,192.66001892089844,True
234,9.36,0.9304333925247192,60.40499999653548,10,0,10,double,103.44826820772751,JUMPING,False,,0.5605257600000004,,,298.04241333007815,2.5754407344818113,13.329560279846191,192.35971069335938,True
235,9.4,0.9286525845527649,62.70780001068488,10,0,10,double,103.44826820772751,JUMPING,False,,0.5605257600000004,,,298.04241333007815,2.606586214065551,13.099553108215332,193.93914794921875,True
236,9.44,0.9240614771842957,59.51160000404343,10,0,10,double,103.44826820772751,JUMPING,False,,0.5605257600000004,,,298.04241333007815,2.6386575265884398,14.274579048156738,197.17010498046875,True
237,9.48,0.921033501625061,62.03380000079051,10,0,10,double,103.44826820772751,JUMPING,False,,0.5605257600000004,,,298.04241333007815,2.546271049690246,15.073002815246582,202.350341796875,True
238,9.52,0.9166749119758606,60.75800000689924,11,0,11,double,104.16664959242226,JUMPING,True,0.5599999999999987,0.5604100928000001,23.004327392578148,275.0380859375,298.04241333007815,2.503770671844482,16.25600242614746,208.37857055664062,False
239,9.56,0.8903205990791321,70.96799998544157,11,0,11,double,104.16664959242226,JUMPING,False,,0.5604100928000001,,,298.04241333007815,2.44599755783081,16.92793083190918,214.55577087402344,False
240,9.6,0.9124529361724854,48.381000000517815,11,0,11,double,104.16664959242226,JUMPING,False,,0.5604100928000001,,,298.04241333007815,2.463484180450439,16.015405654907227,217.63409423828125,False
241,9.64,0.6124675273895264,64.64679999044165,11,0,11,double,104.16664959242226,JUMPING,False,,0.5604100928000001,,,298.04241333007815,2.5002064132690425,15.261750221252441,216.40194702148438,False
242,9.68,0.9239853620529175,50.30030000489205,11,0,11,double,104.16664959242226,JUMPING,False,,0.5604100928000001,,,298.04241333007815,2.586666115760803,15.377419471740723,212.98287963867188,True
243,9.72,0.9193205833435059,57.0327999885194,11,0,11,double,104.16664959242226,JUMPING,False,,0.5604100928000001,,,298.04241333007815,2.6418586496353145,16.158754348754883,207.562255859375,True
244,9.76,0.9265378713607788,60.254599957261235,11,0,11,double,104.16664959242226,JUMPING,False,,0.5604100928000001,,,298.04241333007815,2.6610614231109615,13.203530311584473,202.17221069335938,True
245,9.8,0.9270110130310059,54.532699985429645,11,0,11,double,104.16664959242226,JUMPING,False,,0.5604100928000001,,,298.04241333007815,2.6280099903106686,10.789660453796387,197.0281982421875,True
246,9.84,0.9327329397201538,49.6675000176765,11,0,11,double,104.16664959242226,JUMPING,False,,0.5604100928000001,,,298.04241333007815,2.579497238922119,8.374566078186035,194.33950805664062,True
247,9.88,0.931380569934845,38.584799971431494,11,0,11,double,104.16664959242226,JUMPING,False,,0.5604100928000001,,,297.7261596679688,2.566717857170105,8.73582649230957,193.3717498779297,True
248,9.92,0.9308576583862305,50.78739998862147,11,0,11,double,104.16664959242226,JUMPING,False,,0.5604100928000001,,,297.63055419921875,2.5952265377044674,10.729801177978516,193.6039581298828,True
249,9.96,0.9266484379768372,59.07939997268841,11,0,11,double,104.16664959242226,JUMPING,False,,0.5604100928000001,,,297.50481567382815,2.639069256401062,11.516196250915527,195.21548461914062,True
250,10.0,0.9271930456161499,54.8494000104256,11,0,11,double,104.16664959242226,JUMPING,False,,0.5604100928000001,,,297.50481567382815,2.5935615226745603,12.754646301269531,197.63107299804688,True
251,10.04,0.9185258150100708,56.80770002072677,11,0,11,double,104.16664959242226,JUMPING,False,,0.5604100928000001,,,297.50481567382815,2.6254348999023436,13.945269584655762,200.89674377441406,True
252,10.08,0.930178701877594,59.08509995788336,12,0,12,double,102.7397275373667,JUMPING,True,0.5600000000000005,0.5603198723840002,23.847406005859398,273.65740966796875,297.50481567382815,2.543545195007324,15.819687843322754,206.67160034179688,False
253,10.12,0.9119662046432495,54.218500037677586,12,0,12,double,102.7397275373667,JUMPING,False,,0.5603198723840002,,,297.63055419921875,2.488163265419006,17.44357681274414,212.8738555908203,False
254,10.16,0.9070196151733398,48.573500011116266,12,0,12,double,102.7397275373667,JUMPING,False,,0.5603198723840002,,,298.041552734375,2.4847670536041253,17.659231185913086,217.01580810546875,False
255,10.2,0.9079577326774597,50.74909998802468,12,0,12,double,102.7397275373667,JUMPING,False,,0.5603198723840002,,,298.550927734375,2.5224304702758786,15.85474681854248,218.353515625,False
256,10.24,0.9175422787666321,56.12490000203252,12,0,12,double,102.7397275373667,JUMPING,False,,0.5603198723840002,,,298.60767822265626,2.519925323104858,14.816859245300293,218.73426818847656,False
257,10.28,0.9283217787742615,41.586600011214614,12,0,12,double,102.7397275373667,JUMPING,False,,0.5603198723840002,,,298.60767822265626,2.5903315277099606,14.213043212890625,216.578369140625,False
258,10.32,0.924545168876648,49.493499973323196,12,0,12,double,102.7397275373667,JUMPING,False,,0.5603198723840002,,,298.60767822265626,2.6419666143417357,15.633131980895996,211.03465270996094,True
259,10.36,0.9318368434906006,60.55019999621436,12,0,12,double,102.7397275373667,JUMPING,False,,0.5603198723840002,,,298.60767822265626,2.6060878684997557,15.530949592590332,203.06414794921875,True
260,10.4,0.9276806116104126,59.07890002708882,12,0,12,double,102.7397275373667,JUMPING,False,,0.5603198723840002,,,298.60767822265626,2.592007928848266,14.94079303741455,197.9491424560547,True
261,10.44,0.9284195303916931,51.914599956944585,12,0,12,double,102.7397275373667,JUMPING,False,,0.5603198723840002,,,298.60767822265626,2.5709308189392086,14.521306037902832,195.5340576171875,True
262,10.48,0.9299380779266357,64.82989998767152,12,0,12,double,102.7397275373667,JUMPING,False,,0.5603198723840002,,,298.554541015625,2.5499936971664425,14.447208404541016,194.54391479492188,True
263,10.52,0.9258919358253479,53.944299987051636,12,0,12,double,102.7397275373667,JUMPING,False,,0.5603198723840002,,,298.0805908203125,2.6080279800415034,12.604301452636719,195.9718017578125,True
264,10.56,0.9193404912948608,43.1634999695234,12,0,12,double,102.7397275373667,JUMPING,False,,0.5603198723840002,,,298.0805908203125,2.634384279441833,9.163325309753418,199.27655029296875,True
265,10.6,0.9145036339759827,53.35669999476522,12,0,12,double,102.7397275373667,JUMPING,False,,0.5603198723840002,,,298.0805908203125,2.5928055664062497,10.4588623046875,203.84857177734375,True
266,10.64,0.911889910697937,41.042600001674145,13,0,13,double,105.6337993583896,JUMPING,True,0.5600000000000005,0.5602495004595203,21.445703125000023,277.10638427734375,298.5520874023438,2.5104870525360106,11.18883991241455,210.23922729492188,False
267,10.68,0.907028079032898,56.64419999811798,13,0,13,double,105.6337993583896,JUMPING,False,,0.5602495004595203,,,298.7307861328125,2.4324733009338373,12.249256134033203,216.07720947265625,False
268,10.72,0.8878688216209412,56.03530001826584,13,0,13,double,105.6337993583896,JUMPING,False,,0.5602495004595203,,,298.91221313476564,2.432165164375305,11.449701309204102,218.7890167236328,False
269,10.76,0.9127700328826904,56.94300000322983,13,0,13,double,105.6337993583896,JUMPING,False,,0.5602495004595203,,,298.91221313476564,2.4658056249618525,10.256874084472656,219.4942626953125,False
270,10.8,0.9276496767997742,44.185300008393824,13,0,13,double,105.6337993583896,JUMPING,False,,0.5602495004595203,,,298.91221313476564,2.565134679794311,11.402409553527832,216.90228271484375,True
271,10.84,0.9424612522125244,52.5039000203833,13,0,13,double,105.6337993583896,JUMPING,False,,0.5602495004595203,,,298.91221313476564,2.6343317203521726,12.76358699798584,212.314697265625,True
272,10.88,0.9240527749061584,58.718200016301125,13,0,13,double,105.6337993583896,JUMPING,False,,0.5602495004595203,,,298.91221313476564,2.651500548553466,13.563177108764648,206.44708251953125,True
273,10.92,0.9214062690734863,64.11959999240935,13,0,13,double,105.6337993583896,JUMPING,False,,0.5602495004595203,,,298.91221313476564,2.6439511520385737,13.905134201049805,201.0275421142578,True
274,10.96,0.9228602051734924,49.46680000284687,13,0,13,double,105.6337993583896,JUMPING,False,,0.5602495004595203,,,298.91221313476564,2.6553433601379393,13.883866310119629,197.90228271484375,True
275,11.0,0.9302008152008057,48.90360002173111,13,0,13,double,105.6337993583896,JUMPING,False,,0.5602495004595203,,,298.91221313476564,2.588851740264892,13.645203590393066,195.41773986816406,True
276,11.04,0.9217514991760254,56.26639997353777,13,0,13,double,105.6337993583896,JUMPING,False,,0.5602495004595203,,,298.91221313476564,2.5681866651535032,11.940018653869629,193.75732421875,True
277,11.08,0.9249030351638794,50.671599979978055,13,0,13,double,105.6337993583896,JUMPING,False,,0.5602495004595203,,,298.91221313476564,2.596970442199707,12.116591453552246,193.67697143554688,True
278,11.12,0.9222526550292969,68.08140000794083,13,0,13,double,105.6337993583896,JUMPING,False,,0.5602495004595203,,,298.91221313476564,2.6376347084045406,12.001439094543457,195.631591796875,True
279,11.16,0.9217707514762878,41.162599984090775,13,0,13,double,105.6337993583896,JUMPING,False,,0.5602495004595203,,,298.91221313476564,2.6230690292358396,12.455012321472168,197.19805908203125,True
280,11.2,0.915601909160614,49.132300016935915,13,0,13,double,105.6337993583896,JUMPING,False,,0.5602495004595203,,,298.91221313476564,2.530987740707397,13.853968620300293,202.66773986816406,True
281,11.24,0.9176067113876343,58.64900001324713,14,0,14,double,104.16666037161632,JUMPING,True,0.5999999999999996,0.5689946103584258,22.851177978515636,276.06103515625,298.91221313476564,2.4572610622406,14.718598365783691,209.82461547851562,False
282,11.28,0.9102802276611328,57.54549999255687,14,0,14,double,104.16666037161632,JUMPING,False,,0.5689946103584258,,,298.91221313476564,2.4056207908630367,14.219462394714355,216.70526123046875,False
283,11.32,0.87944495677948,51.758899993728846,14,0,14,double,104.16666037161632,JUMPING,False,,0.5689946103584258,,,298.91221313476564,2.4159323352813717,13.549589157104492,220.3740234375,False
284,11.36,0.8759865760803223,62.59029998909682,14,0,14,double,104.16666037161632,JUMPING,False,,0.5689946103584258,,,298.91221313476564,2.4862025165557857,13.266459465026855,219.85220336914062,False
285,11.4,0.9244831800460815,79.42409999668598,14,0,14,double,104.16666037161632,JUMPING,False,,0.5689946103584258,,,298.91221313476564,2.582423468780517,13.51373291015625,216.719482421875,True
286,11.44,0.9234685897827148,66.37410004623234,14,0,14,double,104.16666037161632,JUMPING,False,,0.5689946103584258,,,298.91221313476564,2.6375129177093504,15.161943435668945,210.90660095214844,True
287,11.48,0.9170743823051453,105.19550001481548,14,0,14,double,104.16666037161632,JUMPING,False,,0.5689946103584258,,,298.91221313476564,2.6546502307891844,14.660643577575684,204.6778106689453,True
288,11.52,0.9304487109184265,42.94630000367761,14,0,14,double,104.16666037161632,JUMPING,False,,0.5689946103584258,,,298.91221313476564,2.6162867717742917,14.194594383239746,199.0938720703125,True
289,11.56,0.9289504885673523,65.98000001395121,14,0,14,double,104.16666037161632,JUMPING,False,,0.5689946103584258,,,298.91221313476564,2.5596961864471433,13.107629776000977,195.4083251953125,True
290,11.6,0.9297918081283569,46.30769998766482,14,0,14,double,104.16666037161632,JUMPING,False,,0.5689946103584258,,,298.91221313476564,2.5457826669692993,12.150389671325684,193.19427490234375,True
291,11.64,0.9308933019638062,72.32590002240613,14,0,14,double,104.16666037161632,JUMPING,False,,0.5689946103584258,,,298.669775390625,2.5879961555480957,12.085259437561035,192.60671997070312,True
292,11.68,0.9327600598335266,58.91570000676438,14,0,14,double,104.16666037161632,JUMPING,False,,0.5689946103584258,,,298.49248046875,2.582293951797485,12.525415420532227,192.52972412109375,True
293,11.72,0.9271039962768555,54.800899990368634,14,0,14,double,104.16666037161632,JUMPING,False,,0.5689946103584258,,,298.1246337890625,2.603299695205688,12.418527603149414,196.0846710205078,True
