frame_idx,timestamp,best_conf,infer_ms,jump_count,single_count,double_count,jump_type,spm,state,cycle_ok,dt,expected_dt,amp,amp_ewma,lift_th,lift_noise_sigma,min_air_y,ground_y,ankle_distance,hip_y,is_airborne
0,0.0,0.8169177770614624,90.16810002503917,0,0,0,unknown,0.0,IDLE,False,,,,,,,,,0.0,0.0,False
1,0.04,0.8203628659248352,78.22689996100962,0,0,0,unknown,0.0,IDLE,False,,,,,,,,,0.0,0.0,False
2,0.08,0.8360003232955933,81.4263999927789,0,0,0,unknown,0.0,IDLE,False,,,,,,,,,30.462942123413086,233.4682159423828,False
3,0.12,0.8232610821723938,81.79780002683401,0,0,0,unknown,0.0,IDLE,False,,,,,,,,,32.265621185302734,233.228271484375,False
4,0.16,0.8461519479751587,82.9022999969311,0,0,0,unknown,0.0,IDLE,False,,,,,,,,,32.002159118652344,234.26214599609375,False
5,0.2,0.85396409034729,78.8713000365533,0,0,0,unknown,0.0,IDLE,False,,,,,,,,,31.716739654541016,233.53903198242188,False
6,0.24,0.8351696729660034,78.48790002753958,0,0,0,single,0.0,IDLE,False,,,,,,,,,31.8716983795166,233.3809051513672,False
7,0.28,0.8332931399345398,83.24169996194541,0,0,0,single,0.0,IDLE,False,,,,,,,,,31.885643005371094,233.48065185546875,False
8,0.32,0.8396557569503784,82.1948999655433,0,0,0,single,0.0,IDLE,False,,,,,,,,,32.17678451538086,233.7437744140625,False
9,0.36,0.8394977450370789,88.69629999389872,0,0,0,single,0.0,IDLE,False,,,,,,,,,30.956714630126953,233.82090759277344,False
10,0.4,0.8464935421943665,76.08029997209087,0,0,0,single,0.0,IDLE,False,,,,,,,,,29.336069107055664,234.41741943359375,False
11,0.44,0.8672799468040466,119.39880001591519,0,0,0,single,0.0,IDLE,False,,,,,4.0,0.7491274475097656,,342.6455078125,27.902950286865234,234.6387939453125,False
12,0.48,0.8523313403129578,73.44780000858009,0,0,0,single,0.0,IDLE,False,,,,,4.0,0.9969362915039062,,342.801513671875,25.980344772338867,234.70370483398438,False
13,0.52,0.8508340120315552,105.62829999253154,0,0,0,single,0.0,IDLE,False,,,,,4.0,1.0726317810058592,,342.9515319824219,24.751413345336914,234.99850463867188,False
14,0.56,0.8594433069229126,80.89609997114167,0,0,0,single,0.0,IDLE,False,,,,,4.0,1.1483272705078125,,343.17735595703124,23.5615291595459,235.26641845703125,False
15,0.6,0.8760644793510437,109.33459998341277,0,0,0,single,0.0,IDLE,False,,,,,4.0,1.142400128173828,,343.2318878173828,23.544361114501953,235.78077697753906,False
16,0.64,0.870669960975647,100.38189997430891,0,0,0,double,0.0,IDLE,False,,,,,4.0,1.3126584228515625,,343.55218505859375,24.034500122070312,236.1413116455078,False
17,0.68,0.8653930425643921,77.96979998238385,0,0,0,double,0.0,IDLE,False,,,,,4.481869757080077,1.4939565856933592,,344.191650390625,24.650005340576172,236.37066650390625,False
18,0.72,0.8587859869003296,74.80629999190569,0,0,0,double,0.0,IDLE,False,,,,,5.025764245605468,1.675254748535156,,344.93140869140626,25.555156707763672,236.92105102539062,False
19,0.76,0.8253172636032104,74.221899965778,0,0,0,double,0.0,IDLE,False,,,,,5.086845483398437,1.6956151611328123,,344.8898559570313,25.182645797729492,236.85147094726562,False
20,0.8,0.8431293964385986,72.45030003832653,0,0,0,double,0.0,IDLE,False,,,,,5.147926721191406,1.7159755737304687,,344.8168090820312,24.497373580932617,237.25210571289062,False
21,0.84,0.8239495158195496,97.96719998121262,0,0,0,double,0.0,IDLE,False,,,,,5.396188018798828,1.7987293395996093,,344.74376220703124,23.487821578979492,237.2535400390625,False
22,0.88,0.8388565182685852,75.82050003111362,0,0,0,double,0.0,IDLE,False,,,,,5.64444931640625,1.88148310546875,,344.67071533203125,22.939321517944336,237.3798065185547,False
23,0.92,0.8522365689277649,73.1114000082016,0,0,0,double,0.0,IDLE,False,,,,,4.594394970703124,1.5314649902343749,,344.66546630859375,22.982133865356445,237.52142333984375,False
24,0.96,0.808509349822998,73.6752999946475,0,0,0,double,0.0,IDLE,False,,,,,4.0,1.181446875,,344.66021728515625,22.413272857666016,237.39495849609375,False
25,1.0,0.8140180110931396,82.49739999882877,0,0,0,double,0.0,IDLE,False,,,,,4.0,0.9618485137939453,,344.65496826171875,22.354602813720703,237.20181274414062,False
26,1.04,0.800238847732544,73.35089996922761,0,0,0,double,0.0,IDLE,False,,,,,4.0,0.7422501525878906,,344.64971923828125,21.8290958404541,237.35552978515625,False
27,1.08,0.8137805461883545,75.06840000860393,0,0,0,double,0.0,IDLE,False,,,,,4.0,0.7189261688232421,,344.64447021484375,21.486263275146484,237.1839141845703,False
28,1.12,0.8254895210266113,78.96449998952448,0,0,0,double,0.0,IDLE,False,,,,,4.0,0.6907156860351562,,344.63922119140625,21.321678161621094,237.02557373046875,False
29,1.16,0.8316118717193604,140.01360000111163,0,0,0,double,0.0,IDLE,False,,,,,4.0,0.7130216491699218,,344.63397216796875,21.142091751098633,236.81146240234375,False
30,1.2,0.8349522352218628,154.13849998731166,0,0,0,double,0.0,IDLE,False,,,,,4.0,0.6907156860351562,,344.62872314453125,21.419588088989258,236.4400634765625,False
31,1.24,0.847367525100708,118.75859997235239,0,0,0,double,0.0,IDLE,False,,,,,4.0,0.645764419555664,,344.62347412109375,21.062755584716797,236.1568145751953,False
32,1.28,0.8616028428077698,84.68849997734651,0,0,0,double,0.0,IDLE,False,,,,,4.0,0.6351543823242187,,344.61822509765625,21.06427001953125,236.23809814453125,False
33,1.32,0.8540007472038269,75.64960001036525,0,0,0,double,0.0,IDLE,False,,,,,4.0,0.611355322265625,,344.53291015625,20.661752700805664,236.71127319335938,False
34,1.36,0.866823673248291,89.75139999529347,0,0,0,double,0.0,IDLE,False,,,,,4.0,0.5875562622070312,,344.4475952148438,20.289793014526367,236.83367919921875,False
35,1.4,0.8758512139320374,76.16810000035912,0,0,0,double,0.0,IDLE,False,,,,,4.0,0.611355322265625,,344.3622802734375,20.211944580078125,237.08499145507812,False
36,1.44,0.861896812915802,104.61879998911172,0,0,0,double,0.0,IDLE,False,,,,,4.0,0.6351543823242187,,344.27696533203124,21.213733673095703,237.2069549560547,False
37,1.48,0.8714349865913391,77.42899999720976,0,0,0,double,0.0,IDLE,False,,,,,4.0,0.645764419555664,,344.2187042236328,21.848175048828125,237.1044921875,False
38,1.52,0.8492007851600647,107.11069998797029,0,0,0,double,0.0,IDLE,False,,,,,4.0,0.6552885681152344,,344.3765625,21.64867401123047,236.95631408691406,False
39,1.56,0.8583581447601318,102.7477000025101,0,0,0,double,0.0,IDLE,False,,,,,4.0,0.6570531372070312,,344.3765625,22.397506713867188,236.68954467773438,False
40,1.6,0.8701885342597961,90.90030001243576,0,0,0,double,0.0,IDLE,False,,,,,4.0,0.5495501586914062,,344.3765625,22.638486862182617,236.54515075683594,False
41,1.64,0.8597697615623474,82.75729999877512,0,0,0,double,0.0,IDLE,False,,,,,4.0,0.5343024719238281,,344.3765625,22.199766159057617,236.17666625976562,False
42,1.68,0.8349471688270569,76.69889996759593,0,0,0,double,0.0,IDLE,False,,,,,4.0,0.4646246154785156,,344.3765625,23.316003799438477,235.83648681640625,False
43,1.72,0.8479386568069458,77.68190000206232,0,0,0,double,0.0,IDLE,False,,,,,4.0,0.4646246154785156,,344.3765625,23.311267852783203,235.6649627685547,False
44,1.76,0.8510438799858093,77.51730002928525,0,0,0,double,0.0,IDLE,False,,,,,4.0,0.4646246154785156,,344.3765625,23.20102310180664,235.63609313964844,False
45,1.8,0.8778058886528015,75.67550003295764,0,0,0,double,0.0,IDLE,False,,,,,4.0,0.4646246154785156,,344.3765625,23.26504898071289,235.45416259765625,False
46,1.84,0.8646635413169861,76.75889995880425,0,0,0,double,0.0,IDLE,False,,,,,4.0,0.4526798400878906,,344.3765625,23.23154067993164,235.59568786621094,False
47,1.88,0.8831890821456909,76.45350001985207,0,0,0,double,0.0,IDLE,False,,,,,4.0,0.4479290771484375,,344.3765625,23.00645637512207,236.400146484375,False
48,1.92,0.8642981648445129,75.03770000766963,0,0,0,double,0.0,IDLE,False,,,,,4.0,0.49136462402343745,,344.3765625,23.296001434326172,236.74703979492188,False
49,1.96,0.8476483225822449,74.98779997695237,0,0,0,double,0.0,IDLE,False,,,,,4.0,0.4572043762207031,,344.3765625,23.702150344848633,236.72128295898438,False
50,2.0,0.8578628897666931,80.76510002138093,0,0,0,double,0.0,IDLE,False,,,,,4.0,0.4572043762207031,,344.3765625,24.108278274536133,236.66470336914062,False
51,2.04,0.8571417927742004,77.1332000149414,0,0,0,double,0.0,IDLE,False,,,,,4.0,0.4572043762207031,,344.3765625,23.91526985168457,236.03970336914062,False
52,2.08,0.8721469044685364,75.84780000615865,0,0,0,double,0.0,IDLE,False,,,,,4.0,0.41851959228515623,,344.3765625,23.808412551879883,235.2428741455078,False
53,2.12,0.8626547455787659,73.58209998346865,0,0,0,double,0.0,IDLE,False,,,,,4.0,0.4286093078613281,,344.0008544921875,23.437625885009766,234.70407104492188,False
54,2.16,0.8658455610275269,75.66599996061996,0,0,0,double,0.0,IDLE,False,,,,,4.0,0.38277575683593745,,343.8346252441406,23.425195693969727,234.2134552001953,False
55,2.2,0.8675553798675537,78.58060003491119,0,0,0,double,0.0,IDLE,False,,,,,4.0,0.39141762084960935,,343.7252136230469,23.372777938842773,233.80349731445312,False
56,2.24,0.8775567412376404,75.60089998878539,0,0,0,double,0.0,IDLE,False,,,,,4.0,0.39141762084960935,,343.7252136230469,23.824934005737305,233.4237060546875,False
57,2.28,0.8797182440757751,74.48779995320365,0,0,0,double,0.0,IDLE,False,,,,,4.0,0.39919982299804685,,343.7484497070312,24.104084014892578,233.14303588867188,False
58,2.32,0.8568019270896912,76.68580004246905,0,0,0,double,0.0,IDLE,False,,,,,4.0,0.44141374511718745,,343.7747436523438,24.261310577392578,233.17137145996094,False
59,2.36,0.8660098314285278,74.87139996374026,0,0,0,double,0.0,IDLE,False,,,,,4.0,0.44141374511718745,,343.7747436523438,23.937644958496094,233.3791961669922,False
60,2.4,0.8737746477127075,99.37279997393489,0,0,0,double,0.0,IDLE,False,,,,,4.0,0.44141374511718745,,343.7747436523438,23.95170021057129,233.384765625,False
61,2.44,0.8633967638015747,85.34320001490414,0,0,0,double,0.0,IDLE,False,,,,,4.0,0.49136462402343745,,343.7747436523438,23.57254981994629,233.51812744140625,False
62,2.48,0.8888487815856934,104.79639994446188,0,0,0,double,0.0,IDLE,False,,,,,4.0,0.49136462402343745,,343.7747436523438,23.810909271240234,233.534912109375,False
63,2.52,0.8891699910163879,113.19310002727434,0,0,0,double,0.0,IDLE,False,,,,,4.0,0.5044405334472656,,343.7747436523438,23.8413028717041,233.8290557861328,False
64,2.56,0.8771889209747314,86.87619998818263,0,0,0,double,0.0,IDLE,False,,,,,4.0,0.5216790161132813,,343.7747436523438,23.456838607788086,234.47802734375,False
65,2.6,0.8729137182235718,73.39969999156892,0,0,0,double,0.0,IDLE,False,,,,,4.0,0.5787334167480468,,343.7747436523438,23.344331741333008,234.82870483398438,False
66,2.64,0.8755315542221069,75.28379996074364,0,0,0,double,0.0,IDLE,False,,,,,4.0,0.6142510253906249,,343.7747436523438,22.836742401123047,234.81781005859375,False
67,2.68,0.8641074895858765,77.17149995733052,0,0,0,double,0.0,IDLE,False,,,,,4.0,0.6172372192382812,,343.7747436523438,23.02042007446289,234.96636962890625,False
68,2.72,0.882535457611084,74.01580002624542,0,0,0,double,0.0,IDLE,False,,,,,4.0,0.6386835205078125,,343.7747436523438,23.52175521850586,234.90756225585938,False
69,2.76,0.8700003027915955,75.52809995831922,0,0,0,double,0.0,IDLE,False,,,,,4.0,0.6570531372070312,,343.7747436523438,24.074586868286133,234.88584899902344,False
70,2.8,0.8745404481887817,75.52650000434369,0,0,0,double,0.0,IDLE,False,,,,,4.0,0.6994027954101563,,343.7747436523438,24.403451919555664,234.85145568847656,False
71,2.84,0.8636581897735596,75.32359997276217,0,0,0,double,0.0,IDLE,False,,,,,4.0,0.6994027954101563,,343.7747436523438,24.258516311645508,234.59759521484375,False
72,2.88,0.8601025342941284,75.49640000797808,0,0,0,double,0.0,IDLE,False,,,,,4.0,0.7487202392578125,,343.8346252441406,24.380651473999023,234.5404052734375,False
73,2.92,0.8689131140708923,74.98800003668293,0,0,0,double,0.0,IDLE,False,,,,,4.0,0.7487202392578125,,343.9157958984375,24.263418197631836,234.16323852539062,False
74,2.96,0.8785819411277771,77.69900001585484,0,0,0,double,0.0,IDLE,False,,,,,4.0,0.7487202392578125,,344.0878662109375,25.267118453979492,233.63668823242188,False
75,3.0,0.8601493239402771,76.97270001517609,0,0,0,double,0.0,IDLE,False,,,,,4.0,0.7487202392578125,,344.1009033203125,25.235729217529297,233.69285583496094,False
76,3.04,0.8650804758071899,75.4618999781087,0,0,0,double,0.0,IDLE,False,,,,,4.0,0.7487202392578125,,344.35546875,25.073091506958008,234.34417724609375,False
77,3.08,0.8608909249305725,78.84849997935817,0,0,0,double,0.0,IDLE,False,,,,,4.0,0.7793965942382812,,344.3869262695313,24.531309127807617,234.86688232421875,False
78,3.12,0.8592063784599304,75.2704999758862,0,0,0,double,0.0,IDLE,False,,,,,4.0,0.8369486938476562,,344.58311767578124,24.38825035095215,235.09719848632812,False
79,3.16,0.8390108942985535,76.49659999879077,0,0,0,double,0.0,IDLE,False,,,,,4.0,0.8754524963378906,,344.58311767578124,23.99982452392578,235.43130493164062,False
80,3.2,0.8611429333686829,75.90549997985363,0,0,0,double,0.0,IDLE,False,,,,,4.0,0.8749547973632812,,344.58311767578124,24.00954246520996,235.33958435058594,False
81,3.24,0.8381634950637817,80.04919998347759,0,0,0,double,0.0,IDLE,False,,,,,4.0,0.8749547973632812,,344.58311767578124,23.458818435668945,234.94866943359375,False
82,3.28,0.8252921104431152,75.65090002026409,0,0,0,double,0.0,IDLE,False,,,,,4.0,0.8374463928222656,,344.58311767578124,22.912317276000977,235.04312133789062,False
83,3.32,0.8366973400115967,78.86389998020604,0,0,0,double,0.0,IDLE,False,,,,,4.0,0.8302976257324218,,344.58311767578124,21.31230354309082,235.76113891601562,False
84,3.36,0.8290998339653015,78.34389997879043,0,0,0,double,0.0,IDLE,False,,,,,4.0,0.7701665405273437,,344.58311767578124,21.292434692382812,236.1713409423828,False
85,3.4,0.8192660212516785,105.2367000374943,0,0,0,double,0.0,IDLE,False,,,,,4.0,0.8374463928222656,,344.58311767578124,21.22878646850586,236.72903442382812,False
86,3.44,0.8366305828094482,104.71789998700842,0,0,0,double,0.0,IDLE,False,,,,,4.0,0.8546848754882812,,344.58311767578124,21.8306941986084,237.07000732421875,False
87,3.48,0.8287435173988342,100.36489996127784,0,0,0,double,0.0,IDLE,False,,,,,4.0,0.8546848754882812,,344.58311767578124,21.585697174072266,236.79359436035156,False
88,3.52,0.80466628074646,103.28359995037317,0,0,0,double,0.0,IDLE,False,,,,,4.0,0.8502960754394531,,344.58311767578124,20.092212677001953,235.91619873046875,False
89,3.56,0.8443551063537598,76.50349999312311,0,0,0,double,0.0,IDLE,False,,,,,4.0,0.8754524963378906,,344.58311767578124,18.394237518310547,235.5972900390625,False
90,3.6,0.8034521341323853,77.79630000004545,0,0,0,double,0.0,IDLE,False,,,,,4.0,0.8754524963378906,,344.58311767578124,18.083885192871094,235.55517578125,False
91,3.64,0.8838952779769897,79.88659996772185,0,0,0,double,0.0,IDLE,False,,,,,4.0,0.9117392761230468,,344.58311767578124,17.135719299316406,235.933349609375,False
92,3.68,0.794103741645813,75.73029998457059,0,0,0,double,0.0,IDLE,False,,,,,4.0,0.9117392761230468,,344.58311767578124,17.09770393371582,236.29002380371094,False
93,3.72,0.7916926145553589,77.35019997926429,0,0,0,double,0.0,IDLE,False,,,,,4.0,0.8754524963378906,,344.58311767578124,16.741756439208984,237.42747497558594,False
94,3.76,0.7948386073112488,95.55939998244867,0,0,0,double,0.0,IDLE,False,,,,,4.0,0.8754524963378906,,344.58311767578124,15.861534118652344,238.843017578125,False
95,3.8,0.8277523517608643,74.52669995836914,0,0,0,double,0.0,IDLE,False,,,,,4.0,0.8754524963378906,,344.68687133789064,14.168551445007324,240.18942260742188,False
96,3.84,0.9000192880630493,75.62009996036068,0,0,0,double,0.0,IDLE,False,,,,,4.0,0.975173272705078,,344.7329162597656,12.807422637939453,242.1619415283203,False
97,3.88,0.8658921718597412,78.35650001652539,0,0,0,double,0.0,IDLE,False,,,,,4.0,0.9862583862304687,,344.7942260742187,12.64744758605957,243.39886474609375,False
98,3.92,0.8155337572097778,75.6790999439545,0,0,0,double,0.0,IDLE,False,,,,,4.0,1.123940020751953,,345.23699951171875,14.283289909362793,245.40652465820312,False
99,3.96,0.8079850673675537,76.21470000594854,0,0,0,double,0.0,IDLE,False,,,,,4.0,1.2008571350097657,,346.4689636230469,15.1700439453125,247.8489990234375,False
100,4.0,0.8236249685287476,76.99030003277585,0,0,0,double,0.0,IDLE,False,,,,,4.0,1.2026669494628905,,347.37542724609375,15.83962631225586,248.66497802734375,False
101,4.04,0.8029873967170715,76.31299999775365,0,0,0,double,0.0,IDLE,False,,,,,4.0,1.3072289794921874,,347.47319946289065,16.26287841796875,249.1243896484375,False
102,4.08,0.8202243447303772,77.41580001311377,0,0,0,double,0.0,IDLE,False,,,,,4.316814678955078,1.4389382263183592,,347.62529296875,16.569211959838867,247.59033203125,False
103,4.12,0.8170434832572937,76.01729995803908,0,0,0,double,0.0,IDLE,False,,,,,4.587200958251953,1.5290669860839843,,347.62529296875,17.204570770263672,242.80953979492188,False
104,4.16,0.8433138132095337,75.82630001707003,0,0,0,double,0.0,IDLE,False,,,,,4.41956689453125,1.47318896484375,,347.62529296875,19.17999839782715,235.55084228515625,False
105,4.2,0.8537086248397827,78.18349997978657,0,0,0,double,0.0,IDLE,False,,,,,4.157121176147461,1.3857070587158202,,347.62529296875,19.609949111938477,227.69677734375,True
106,4.24,0.8172448873519897,78.76240002224222,0,0,0,double,0.0,IDLE,False,,,,,4.0,1.2981799072265625,,347.62529296875,19.286100387573242,220.95248413085938,True
107,4.28,0.8055700063705444,75.6927999900654,0,0,0,double,0.0,IDLE,False,,,,,4.0,1.3300100189208983,,347.62529296875,18.36209487915039,216.78480529785156,True
108,4.32,0.7867090106010437,102.52389998640865,0,0,0,double,0.0,IDLE,False,,,,,4.226685919189452,1.4088953063964842,,347.62529296875,18.669754028320312,215.2012176513672,True
109,4.36,0.8069921135902405,86.72860002843663,0,0,0,double,0.0,IDLE,False,,,,,4.106491616821289,1.3688305389404296,,347.62529296875,17.984785079956055,215.00926208496094,True
110,4.4,0.8076329231262207,120.78190001193434,0,0,0,double,0.0,IDLE,False,,,,,4.0,1.3040618041992187,,347.62529296875,18.694963455200195,217.55560302734375,True
111,4.44,0.8198648691177368,101.58630000660196,0,0,0,double,0.0,IDLE,False,,,,,4.1937020507812495,1.39790068359375,,347.62529296875,19.631555557250977,222.28184509277344,True
112,4.48,0.8416545391082764,84.52639996539801,1,0,1,double,0.0,JUMPING,True,,,12.183215332031239,12.183215332031239,4.0,1.2746296966552733,335.44207763671875,347.62529296875,17.98686408996582,229.49371337890625,False
113,4.52,0.82061767578125,76.72259997343644,1,0,1,double,0.0,JUMPING,False,,,,12.183215332031239,4.2641253662109335,1.2373475189208984,,347.62529296875,14.644530296325684,238.5386962890625,False
114,4.56,0.8325818777084351,77.97230000142008,1,0,1,double,0.0,JUMPING,False,,,,12.183215332031239,4.2641253662109335,1.4052756774902342,,347.62529296875,10.566797256469727,245.13577270507812,False
115,4.6,0.8131189346313477,77.75380002567545,1,0,1,double,0.0,JUMPING,False,,,,12.183215332031239,4.381425054931641,1.4604750183105468,,347.62529296875,9.515069961547852,248.72833251953125,False
116,4.64,0.7788646221160889,80.94290003646165,1,0,1,double,0.0,JUMPING,False,,,,12.183215332031239,4.2641253662109335,1.3528363037109374,,347.62529296875,12.123987197875977,247.16070556640625,False
117,4.68,0.8517602682113647,77.33609998831525,1,0,1,double,0.0,JUMPING,False,,,,12.183215332031239,4.2641253662109335,1.3435157592773437,,347.62529296875,17.75967025756836,241.15061950683594,True
118,4.72,0.8177512288093567,76.71170000685379,1,0,1,double,0.0,JUMPING,False,,,,12.183215332031239,4.3350033142089845,1.445001104736328,,347.62529296875,21.236713409423828,233.66192626953125,True
119,4.76,0.8183759450912476,79.25219996832311,1,0,1,double,0.0,JUMPING,False,,,,12.183215332031239,4.833494082641601,1.611164694213867,,347.62529296875,21.478540420532227,226.92648315429688,True
120,4.8,0.7965285778045654,77.87959999404848,1,0,1,double,0.0,JUMPING,False,,,,12.183215332031239,4.704341198730469,1.5681137329101562,,347.62529296875,22.891956329345703,222.8837890625,True
121,4.84,0.794310986995697,77.04309996915981,1,0,1,double,0.0,JUMPING,False,,,,12.183215332031239,5.251221881103516,1.7504072937011719,,347.62529296875,22.758996963500977,220.16819763183594,True
122,4.88,0.8181063532829285,78.02889996673912,1,0,1,double,0.0,JUMPING,False,,,,12.183215332031239,5.523644201660156,1.8412147338867186,,347.62529296875,19.71730613708496,219.89422607421875,True
123,4.92,0.8263557553291321,78.53609998710454,1,0,1,double,0.0,JUMPING,False,,,,12.183215332031239,5.697929333496093,1.8993097778320311,,347.62529296875,15.945040702819824,221.99330139160156,True
124,4.96,0.8788809776306152,74.93839995004237,1,0,1,double,0.0,JUMPING,False,,,,12.183215332031239,5.902076403808593,1.967358801269531,,347.62529296875,15.15816593170166,226.644287109375,True
125,5.0,0.8123383522033691,75.481400010176,2,0,2,double,115.38461961689801,JUMPING,True,0.5199999999999996,0.5199999999999996,11.191973876953114,11.935404968261707,6.028582434082031,2.0095274780273438,336.4333190917969,347.62529296875,13.523356437683105,233.63095092773438,False
126,5.04,0.8051194548606873,76.38630003202707,2,0,2,double,115.38461961689801,JUMPING,False,,0.5199999999999996,,11.935404968261707,5.902076403808593,1.967358801269531,,347.62529296875,13.011519432067871,238.18106079101562,False
127,5.08,0.8242643475532532,77.33200001530349,2,0,2,double,115.38461961689801,JUMPING,False,,0.5199999999999996,,11.935404968261707,6.271414288330077,2.090471429443359,,347.62529296875,13.211747169494629,243.96963500976562,False
128,5.12,0.7919019460678101,76.56339998356998,2,0,2,double,115.38461961689801,JUMPING,False,,0.5199999999999996,,11.935404968261707,6.271414288330077,2.090471429443359,,347.62529296875,12.900568962097168,246.46517944335938,False
129,5.16,0.7990967035293579,77.05050002550706,2,0,2,double,115.38461961689801,JUMPING,False,,0.5199999999999996,,11.935404968261707,7.253804196166992,2.417934732055664,,347.62529296875,14.579504013061523,244.3623809814453,False
130,5.2,0.8656442165374756,81.14109997404739,2,0,2,double,115.38461961689801,JUMPING,False,,0.5199999999999996,,11.935404968261707,7.973612649536133,2.657870883178711,,347.62529296875,17.23870277404785,239.72158813476562,False
131,5.24,0.8118921518325806,82.49250001972541,2,0,2,double,115.38461961689801,JUMPING,False,,0.5199999999999996,,11.935404968261707,8.331480834960937,2.7771602783203124,,347.62529296875,21.593753814697266,234.66448974609375,False
132,5.28,0.8409320116043091,108.85709995636716,2,0,2,double,115.38461961689801,JUMPING,False,,0.5199999999999996,,11.935404968261707,8.348447845458985,2.782815948486328,,347.62529296875,28.8142032623291,232.0516357421875,False
133,5.32,0.7668943405151367,112.068000016734,2,0,2,double,115.38461961689801,JUMPING,False,,0.5199999999999996,,11.935404968261707,7.973612649536133,2.657870883178711,,347.62529296875,27.10495948791504,227.84263610839844,False
134,5.36,0.799363374710083,108.7287999689579,2,0,2,double,115.38461961689801,JUMPING,False,,0.5199999999999996,,11.935404968261707,7.25964084777832,2.419880282592773,,347.397119140625,19.980531692504883,225.30738830566406,False
135,5.4,0.783807635307312,94.36020004795864,2,0,2,double,115.38461961689801,JUMPING,False,,0.5199999999999996,,11.935404968261707,7.210843725585937,2.4036145751953124,,347.20196533203125,19.79524803161621,224.31365966796875,True
136,5.44,0.8488832712173462,77.62840000214055,2,0,2,double,115.38461961689801,JUMPING,False,,0.5199999999999996,,11.935404968261707,5.544479690551758,1.848159896850586,,346.04810791015626,15.825892448425293,228.29319763183594,True
137,5.48,0.8435215353965759,76.02109998697415,3,0,3,double,120.0,JUMPING,True,0.4800000000000004,0.5111999999999998,7.411029052734364,10.804310989379871,6.384753918457031,2.1282513061523436,337.9383239746094,345.34935302734374,13.904142379760742,231.30751037597656,False
138,5.52,0.849256694316864,80.82590001868084,3,0,3,double,120.0,JUMPING,False,,0.5111999999999998,,10.804310989379871,5.292078442382812,1.7640261474609373,,345.2154052734375,13.74138069152832,233.35784912109375,False
139,5.56,0.8270291090011597,79.90179996704683,3,0,3,double,120.0,JUMPING,False,,0.5111999999999998,,10.804310989379871,5.292078442382812,1.7640261474609373,,345.0826416015625,16.255794525146484,238.65347290039062,False
140,5.6,0.8124836087226868,76.81270001921803,3,0,3,double,120.0,JUMPING,False,,0.5111999999999998,,10.804310989379871,5.713946191406249,1.9046487304687498,,344.5301574707031,18.91765594482422,243.56748962402344,False
141,5.64,0.824710488319397,77.52499997150153,3,0,3,double,120.0,JUMPING,False,,0.5111999999999998,,10.804310989379871,5.435415747070312,1.8118052490234373,,344.5301574707031,17.805009841918945,243.79501342773438,False
142,5.68,0.8294478058815002,76.91060000797734,3,0,3,double,120.0,JUMPING,False,,0.5111999999999998,,10.804310989379871,5.083180609130859,1.6943935363769531,,344.5301574707031,25.496368408203125,238.49317932128906,False
143,5.72,0.8086481094360352,78.17689998773858,3,0,3,double,120.0,JUMPING,False,,0.5111999999999998,,10.804310989379871,5.6239531677246095,1.874651055908203,,344.5301574707031,28.928247451782227,234.51675415039062,False
144,5.76,0.8626762628555298,77.66259997151792,3,0,3,double,120.0,JUMPING,False,,0.5111999999999998,,10.804310989379871,5.083180609130859,1.6943935363769531,,344.5301574707031,27.989490509033203,232.539794921875,False
145,5.8,0.8109915256500244,78.89379997504875,3,0,3,double,120.0,JUMPING,False,,0.5111999999999998,,10.804310989379871,4.995902307128906,1.6653007690429686,,344.5301574707031,24.69399642944336,229.19691467285156,False
146,5.84,0.797823429107666,78.12950003426522,3,0,3,single,120.0,JUMPING,False,,0.5111999999999998,,10.804310989379871,5.292078442382812,1.7640261474609373,,344.5301574707031,19.492477416992188,224.68226623535156,True
147,5.88,0.7997449040412903,76.97239995468408,3,0,3,double,120.0,JUMPING,False,,0.5111999999999998,,10.804310989379871,5.20018511352539,1.7333950378417968,,344.5301574707031,17.8377628326416,221.76995849609375,True
148,5.92,0.8311834335327148,77.30090001132339,3,0,3,double,120.0,JUMPING,False,,0.5111999999999998,,10.804310989379871,5.612687072753905,1.8708956909179686,,344.5301574707031,20.653953552246094,221.87899780273438,True
149,5.96,0.8982318043708801,76.74520002910867,3,0,3,double,120.0,JUMPING,False,,0.5111999999999998,,10.804310989379871,5.452382757568359,1.817460919189453,,344.5301574707031,15.359302520751953,226.81906127929688,True
150,6.0,0.8669631481170654,77.43939995998517,4,0,4,double,118.42105411756734,JUMPING,True,0.5199999999999996,0.5131359999999997,15.7208251953125,12.033439540863029,4.8467283508300785,1.6155761169433593,328.7110595703125,344.431884765625,12.680187225341797,230.21511840820312,False
151,6.04,0.8256552219390869,76.81300002150238,4,0,4,double,118.42105411756734,JUMPING,False,,0.5131359999999997,,12.033439540863029,4.21170383930206,1.3904804443359373,,343.7566650390625,13.288358688354492,234.4415283203125,False
152,6.08,0.8314239978790283,77.49009999679402,4,0,4,double,118.42105411756734,JUMPING,False,,0.5131359999999997,,12.033439540863029,4.21170383930206,1.3108486083984374,,343.525341796875,10.467180252075195,241.08676147460938,False
153,6.12,0.8130978345870972,77.55709998309612,4,0,4,double,118.42105411756734,JUMPING,False,,0.5131359999999997,,12.033439540863029,4.21170383930206,1.2015810607910156,,343.4452758789063,11.789570808410645,244.6388397216797,False
154,6.16,0.8103235960006714,87.91340002790093,4,0,4,double,118.42105411756734,JUMPING,False,,0.5131359999999997,,12.033439540863029,4.21170383930206,1.152897052001953,,343.4452758789063,15.888978958129883,242.3223876953125,True
155,6.2,0.8466928601264954,105.39619997143745,4,0,4,double,118.42105411756734,JUMPING,False,,0.5131359999999997,,12.033439540863029,4.21170383930206,1.1781439636230469,,343.4452758789063,18.51613998413086,237.3792724609375,True
156,6.24,0.8146569132804871,117.65500000910833,4,0,4,double,118.42105411756734,JUMPING,False,,0.5131359999999997,,12.033439540863029,4.21170383930206,1.1781439636230469,,343.4452758789063,18.772279739379883,232.38833618164062,True
157,6.28,0.7921966314315796,104.86859997035936,4,0,4,double,118.42105411756734,JUMPING,False,,0.5131359999999997,,12.033439540863029,4.21170383930206,1.1781439636230469,,343.4452758789063,19.15050506591797,229.11846923828125,True
158,6.32,0.8301529884338379,87.84660004312173,4,0,4,double,118.42105411756734,JUMPING,False,,0.5131359999999997,,12.033439540863029,4.21170383930206,1.1781439636230469,,343.4452758789063,19.30028533935547,224.70639038085938,True
159,6.36,0.8044425249099731,82.48819998698309,4,0,4,double,118.42105411756734,JUMPING,False,,0.5131359999999997,,12.033439540863029,4.21170383930206,1.1781439636230469,,343.4452758789063,16.76688575744629,222.46505737304688,True
160,6.4,0.8241647481918335,77.06399995367974,4,0,4,double,118.42105411756734,JUMPING,False,,0.5131359999999997,,12.033439540863029,4.21170383930206,1.1781439636230469,,343.4452758789063,15.930978775024414,222.94869995117188,True
161,6.44,0.8236564993858337,79.28219996392727,5,0,5,double,122.44897720864398,JUMPING,True,0.4400000000000004,0.49704607999999983,8.808923339843773,11.227310490608215,4.21170383930206,1.1781439636230469,334.6363525390625,343.4452758789063,15.228862762451172,224.97377014160156,False
162,6.48,0.8383140563964844,78.50359997246414,5,0,5,double,122.44897720864398,JUMPING,False,,0.49704607999999983,,11.227310490608215,4.103844763183593,1.3679482543945312,,343.4452758789063,15.574148178100586,226.31198120117188,False
163,6.52,0.832919716835022,78.57499999227002,5,0,5,double,122.44897720864398,JUMPING,False,,0.49704607999999983,,11.227310490608215,4.0,1.1042582885742187,,343.4452758789063,15.219038009643555,230.59173583984375,False
164,6.56,0.8286581039428711,76.90500002354383,5,0,5,double,122.44897720864398,JUMPING,False,,0.49704607999999983,,11.227310490608215,4.0,1.1781439636230469,,343.4452758789063,11.187063217163086,236.8763427734375,False
165,6.6,0.8237453699111938,84.51710001099855,5,0,5,double,122.44897720864398,JUMPING,False,,0.49704607999999983,,11.227310490608215,4.0,1.294062579345703,,343.65419921875,9.800008773803711,242.66790771484375,False
166,6.64,0.8279103636741638,93.48769998177886,5,0,5,double,122.44897720864398,JUMPING,False,,0.49704607999999983,,11.227310490608215,4.0,1.2874115112304687,,343.65419921875,11.498881340026855,242.7512664794922,False
167,6.68,0.8523776531219482,85.4669000254944,5,0,5,double,122.44897720864398,JUMPING,False,,0.49704607999999983,,11.227310490608215,4.425267810058594,1.4750892700195313,,343.65419921875,14.174697875976562,239.40060424804688,False
168,6.72,0.8510812520980835,82.32300000963733,5,0,5,double,122.44897720864398,JUMPING,False,,0.49704607999999983,,11.227310490608215,4.678890682983398,1.5596302276611327,,343.65419921875,17.658000946044922,234.6497802734375,True
169,6.76,0.8351987600326538,75.65700000850484,5,0,5,double,122.44897720864398,JUMPING,False,,0.49704607999999983,,11.227310490608215,4.198860021972656,1.3996200073242187,,343.4452758789063,19.447994232177734,231.47140502929688,True
170,6.8,0.8137059807777405,77.51329999882728,5,0,5,double,122.44897720864398,JUMPING,False,,0.49704607999999983,,11.227310490608215,6.466467041015624,2.155489013671875,,343.0791931152344,18.934412002563477,227.88824462890625,True
171,6.84,0.8306810259819031,76.38770004268736,6,0,6,double,127.11863527093246,JUMPING,True,0.39999999999999947,0.4756959423999998,7.889617919921875,10.392887347936629,6.730609460449218,2.243536486816406,335.1895751953125,343.0791931152344,16.69786262512207,224.92807006835938,False
172,6.88,0.8107637166976929,76.83639996685088,6,0,6,double,127.11863527093246,JUMPING,False,,0.4756959423999998,,10.392887347936629,6.730609460449218,2.243536486816406,,343.0791931152344,13.860821723937988,223.28570556640625,False
173,6.92,0.8189370036125183,84.590999991633,6,0,6,double,127.11863527093246,JUMPING,False,,0.4756959423999998,,10.392887347936629,7.022849249267578,2.3409497497558593,,343.0791931152344,12.766697883605957,222.529296875,False
174,6.96,0.847481369972229,100.20280000753701,6,0,6,double,127.11863527093246,JUMPING,False,,0.4756959423999998,,10.392887347936629,7.07660073852539,2.3588669128417967,,343.0791931152344,12.060480117797852,224.6630401611328,False
175,7.0,0.8660788536071777,104.93079997831956,6,0,6,double,127.11863527093246,JUMPING,False,,0.4756959423999998,,10.392887347936629,7.531859564208984,2.510619854736328,,343.0791931152344,11.085871696472168,227.89688110351562,False
176,7.04,0.8277490139007568,100.04319995641708,6,0,6,double,127.11863527093246,JUMPING,False,,0.4756959423999998,,10.392887347936629,7.3407431579589835,2.446914385986328,,342.6787353515625,12.732924461364746,233.7988739013672,False
177,7.08,0.8345586657524109,127.89579998934641,6,0,6,double,127.11863527093246,JUMPING,False,,0.4756959423999998,,10.392887347936629,7.3407431579589835,2.446914385986328,,342.6787353515625,12.347902297973633,241.28225708007812,False
178,7.12,0.825771689414978,113.70639997767285,6,0,6,double,127.11863527093246,JUMPING,False,,0.4756959423999998,,10.392887347936629,7.41661962890625,2.47220654296875,,342.73623046875,11.746644020080566,243.99844360351562,False
179,7.16,0.835133969783783,116.30990001140162,6,0,6,double,127.11863527093246,JUMPING,False,,0.4756959423999998,,10.392887347936629,7.722975970458984,2.574325323486328,,342.60931396484375,15.236491203308105,242.08865356445312,False
180,7.2,0.8229469060897827,95.15559999272227,6,0,6,double,127.11863527093246,JUMPING,False,,0.4756959423999998,,10.392887347936629,7.531859564208984,2.510619854736328,,342.492138671875,14.968182563781738,240.08200073242188,False
181,7.24,0.8442776203155518,77.7766999672167,6,0,6,double,127.11863527093246,JUMPING,False,,0.4756959423999998,,10.392887347936629,9.393751428222656,3.1312504760742184,,342.492138671875,15.015692710876465,235.3636474609375,False
182,7.28,0.7918715476989746,77.16650003567338,6,0,6,double,127.11863527093246,JUMPING,False,,0.4756959423999998,,10.392887347936629,9.557381277465819,3.185793759155273,,342.14080200195315,16.43518829345703,229.90362548828125,False
183,7.32,0.8167397379875183,78.47629999741912,6,0,6,double,127.11863527093246,JUMPING,False,,0.4756959423999998,,10.392887347936629,10.18441411743164,3.3948047058105466,,342.14080200195315,16.04214096069336,224.42172241210938,False
184,7.36,0.7808347940444946,156.3107999972999,6,0,6,double,127.11863527093246,JUMPING,False,,0.4756959423999998,,10.392887347936629,9.557381277465819,3.185793759155273,,342.14080200195315,15.0361967086792,222.66339111328125,False
185,7.4,0.817520022392273,171.22550000203773,6,0,6,double,127.11863527093246,JUMPING,False,,0.4756959423999998,,10.392887347936629,9.188382733154297,3.0627942443847656,,342.14080200195315,13.902435302734375,222.19284057617188,False
186,7.44,0.7924073338508606,194.25200001569465,6,0,6,double,127.11863527093246,JUMPING,False,,0.4756959423999998,,10.392887347936629,9.188382733154297,3.0627942443847656,,342.14080200195315,13.423352241516113,222.25892639160156,False
187,7.48,0.7900049686431885,79.43169999634847,6,0,6,double,127.11863527093246,JUMPING,False,,0.4756959423999998,,10.392887347936629,9.188382733154297,3.0627942443847656,,342.14080200195315,12.986174583435059,224.7677459716797,False
188,7.52,0.8564873933792114,78.76840000972152,6,0,6,double,127.11863527093246,JUMPING,False,,0.4756959423999998,,10.392887347936629,9.243220111083984,3.081073370361328,,342.29400634765625,11.013884544372559,229.26419067382812,False
189,7.56,0.7987869381904602,79.09740001196042,6,0,6,double,127.11863527093246,JUMPING,False,,0.4756959423999998,,10.392887347936629,9.188382733154297,3.0627942443847656,,342.29400634765625,9.902505874633789,235.16481018066406,False
190,7.6,0.8425097465515137,77.83620001282543,6,0,6,double,127.11863527093246,JUMPING,False,,0.4756959423999998,,10.392887347936629,9.079386657714844,3.0264622192382813,,342.29400634765625,17.6157169342041,236.99609375,False
191,7.64,0.8461964726448059,76.56519999727607,6,0,6,double,127.11863527093246,JUMPING,False,,0.4756959423999998,,10.392887347936629,9.188382733154297,3.0627942443847656,,342.29400634765625,21.361392974853516,237.79302978515625,True
192,7.68,0.8393964171409607,77.22580002155155,6,0,6,double,127.11863527093246,JUMPING,False,,0.4756959423999998,,10.392887347936629,9.557381277465819,3.185793759155273,,342.29400634765625,21.605527877807617,238.2752685546875,True
193,7.72,0.7979604005813599,77.61849998496473,7,0,7,double,110.29412373771544,JUMPING,True,0.8799999999999999,0.5646428350719999,10.983551025390625,10.540553267300128,9.434336517333984,3.144778839111328,331.3104553222656,342.29400634765625,17.94666290283203,235.4503173828125,False
194,7.76,0.8188009858131409,77.8959000017494,7,0,7,double,110.29412373771544,JUMPING,False,,0.5646428350719999,,10.540553267300128,9.249463970947264,3.0831546569824217,,342.29400634765625,20.165172576904297,230.76901245117188,True
195,7.8,0.8053861260414124,78.13530002022162,7,0,7,double,110.29412373771544,JUMPING,False,,0.5646428350719999,,10.540553267300128,9.249463970947264,3.0831546569824217,,342.29400634765625,19.154253005981445,225.52859497070312,True
196,7.84,0.8164021372795105,77.34870002605021,7,0,7,double,110.29412373771544,JUMPING,False,,0.5646428350719999,,10.540553267300128,9.249463970947264,3.0831546569824217,,342.29400634765625,16.819698333740234,222.48248291015625,True
197,7.88,0.8011610507965088,117.30769998393953,7,0,7,double,110.29412373771544,JUMPING,False,,0.5646428350719999,,10.540553267300128,9.393751428222656,3.1312504760742184,,342.29400634765625,16.603023529052734,221.14466857910156,True
198,7.92,0.8090824484825134,113.41520003043115,7,0,7,double,110.29412373771544,JUMPING,False,,0.5646428350719999,11.52947998046875,10.540553267300128,10.18441411743164,3.3948047058105466,330.7645263671875,342.29400634765625,14.007994651794434,223.07635498046875,False
199,7.96,0.8358128666877747,104.65320001821965,7,0,7,double,110.29412373771544,JUMPING,False,,0.5646428350719999,,10.540553267300128,9.243220111083984,3.081073370361328,,342.29400634765625,12.940723419189453,224.31597900390625,False
200,8.0,0.8454692959785461,82.57049997337162,7,0,7,double,110.29412373771544,JUMPING,False,,0.5646428350719999,,10.540553267300128,8.376680950927733,2.792226983642578,,342.29400634765625,12.14909553527832,228.72366333007812,False
201,8.04,0.8244489431381226,76.53049996588379,7,0,7,double,110.29412373771544,JUMPING,False,,0.5646428350719999,,10.540553267300128,8.30731981201172,2.7691066040039063,,342.04375610351565,10.948822975158691,235.05746459960938,False
202,8.08,0.8517690300941467,84.56669998122379,7,0,7,double,110.29412373771544,JUMPING,False,,0.5646428350719999,,10.540553267300128,8.218819885253906,2.7396066284179685,,341.5725891113281,12.06650161743164,241.57032775878906,False
203,8.12,0.8271454572677612,78.86740000685677,7,0,7,double,110.29412373771544,JUMPING,False,,0.5646428350719999,,10.540553267300128,7.6614875244140626,2.5538291748046875,,341.2871826171875,16.404207229614258,242.83511352539062,False
204,8.16,0.8606613278388977,78.09339999221265,7,0,7,double,110.29412373771544,JUMPING,False,,0.5646428350719999,,10.540553267300128,8.222213287353515,2.7407377624511717,,341.2871826171875,17.560331344604492,239.77438354492188,False
205,8.2,0.8412064909934998,77.1322000073269,7,0,7,double,110.29412373771544,JUMPING,False,,0.5646428350719999,,10.540553267300128,7.6614875244140626,2.5538291748046875,,341.2871826171875,17.149364471435547,237.05435180664062,True
206,8.24,0.8141054511070251,80.46229998581111,7,0,7,double,0.0,JUMPING,False,0.5200000000000005,,8.770275878906261,10.540553267300128,7.6614875244140626,2.5538291748046875,332.51690673828125,341.2871826171875,16.71229362487793,233.0570068359375,False
207,8.28,0.8493120670318604,80.41679998859763,7,0,7,double,110.29412373771544,JUMPING,False,,0.5646428350719999,,10.540553267300128,7.6473709716796865,2.5491236572265623,,341.2871826171875,17.8519287109375,227.50119018554688,True
208,8.32,0.8207036256790161,78.34909996017814,7,0,7,double,110.29412373771544,JUMPING,False,,0.5646428350719999,,10.540553267300128,8.294153411865235,2.764717803955078,,341.2871826171875,17.409347534179688,222.79794311523438,True
209,8.36,0.798319935798645,78.88039998942986,7,0,7,double,0.0,JUMPING,False,0.6399999999999997,,9.119152832031261,10.540553267300128,8.594605233764648,2.8648684112548826,332.16802978515625,341.2871826171875,13.562407493591309,221.51023864746094,False
210,8.4,0.8179599642753601,76.93830004427582,7,0,7,double,110.29412373771544,JUMPING,False,,0.5646428350719999,,10.540553267300128,9.440648245239258,3.146882748413086,,341.2871826171875,12.094286918640137,221.0087890625,False
211,8.44,0.8037760853767395,82.75900001171976,7,0,7,double,110.29412373771544,JUMPING,False,,0.5646428350719999,,10.540553267300128,9.504579940795898,3.1681933135986324,,341.2871826171875,12.173624992370605,222.48773193359375,False
212,8.48,0.8289881348609924,78.70670000556856,7,0,7,double,110.29412373771544,JUMPING,False,,0.5646428350719999,,10.540553267300128,8.340710888671875,2.780236962890625,,341.2871826171875,16.724245071411133,227.04376220703125,False
213,8.52,0.8473843336105347,78.88819999061525,7,0,7,double,110.29412373771544,JUMPING,False,,0.5646428350719999,,10.540553267300128,6.937064044189452,2.312354681396484,,341.01776123046875,14.367216110229492,233.84942626953125,False
214,8.56,0.8251509666442871,80.6441999739036,7,0,7,double,110.29412373771544,JUMPING,False,,0.5646428350719999,,10.540553267300128,7.146640557861328,2.3822135192871094,,340.284619140625,14.012187004089355,239.05303955078125,False
215,8.6,0.8172860741615295,77.71219999995083,7,0,7,double,110.29412373771544,JUMPING,False,,0.5646428350719999,,10.540553267300128,5.85389009399414,1.9512966979980468,,339.8123046875,13.358367919921875,241.91311645507812,False
216,8.64,0.8133407235145569,79.97450005495921,7,0,7,double,110.29412373771544,JUMPING,False,,0.5646428350719999,,10.540553267300128,5.85389009399414,1.9512966979980468,,339.8123046875,14.298714637756348,243.40704345703125,False
217,8.68,0.8353657722473145,77.08790001925081,7,0,7,double,110.29412373771544,JUMPING,False,,0.5646428350719999,,10.540553267300128,5.86040542602539,1.9534684753417968,,339.8123046875,18.422277450561523,240.966064453125,True
218,8.72,0.8754770159721375,80.87330003036186,7,0,7,double,0.0,JUMPING,False,1.0000000000000009,,7.790087890624989,10.540553267300128,7.167000970458984,2.389000323486328,332.022216796875,339.8123046875,17.593761444091797,236.46054077148438,False
219,8.76,0.7946290373802185,79.09069996094331,7,0,7,double,110.29412373771544,JUMPING,False,,0.5646428350719999,,10.540553267300128,7.515978442382812,2.5053261474609374,,339.8123046875,14.541343688964844,231.25729370117188,False
220,8.8,0.8270900249481201,110.79599999357015,7,0,7,double,110.29412373771544,JUMPING,False,,0.5646428350719999,,10.540553267300128,7.806114321899413,2.6020381072998044,,339.8123046875,15.188704490661621,225.35379028320312,False
221,8.84,0.8025670051574707,79.17729998007417,7,0,7,double,110.29412373771544,JUMPING,False,,0.5646428350719999,,10.540553267300128,8.445363409423829,2.8151211364746094,,339.8123046875,14.646976470947266,221.69772338867188,False
222,8.88,0.8399142622947693,117.06399999093264,7,0,7,double,110.29412373771544,JUMPING,False,,0.5646428350719999,,10.540553267300128,8.116949954223633,2.705649984741211,,339.8123046875,14.311989784240723,219.8553924560547,False
223,8.92,0.7970143556594849,114.34420000296086,7,0,7,double,110.29412373771544,JUMPING,False,,0.5646428350719999,,10.540553267300128,7.03750874633789,2.3458362487792965,,339.8123046875,13.544746398925781,220.3262939453125,False
224,8.96,0.7990430593490601,94.92110001156107,7,0,7,double,110.29412373771544,JUMPING,False,,0.5646428350719999,,10.540553267300128,6.843134674072266,2.2810448913574217,,339.75439453125,13.330500602722168,224.27049255371094,False
225,9.0,0.8877206444740295,78.328599978704,7,0,7,double,110.29412373771544,JUMPING,False,,0.5646428350719999,,10.540553267300128,6.843134674072266,2.2810448913574217,,339.75439453125,12.898595809936523,229.5670166015625,False
226,9.04,0.8393849730491638,77.17820000834763,7,0,7,double,110.29412373771544,JUMPING,False,,0.5646428350719999,,10.540553267300128,6.843134674072266,2.2810448913574217,,339.75439453125,11.672769546508789,237.87637329101562,False
227,9.08,0.867070198059082,78.57980002881959,7,0,7,double,110.29412373771544,JUMPING,False,,0.5646428350719999,,10.540553267300128,8.661862463378906,2.8872874877929684,,339.8170654296875,11.721417427062988,243.21304321289062,False
228,9.12,0.8463301062583923,82.7485000481829,7,0,7,double,110.29412373771544,JUMPING,False,,0.5646428350719999,,10.540553267300128,9.535188427734374,3.1783961425781246,,339.8170654296875,16.911710739135742,243.85293579101562,False
229,9.16,0.8566724061965942,78.41049996204674,7,0,7,double,110.29412373771544,JUMPING,False,,0.5646428350719999,,10.540553267300128,9.099611334228516,3.033203778076172,,339.8170654296875,19.13378143310547,243.58871459960938,False
230,9.2,0.8261243104934692,78.2560000079684,7,0,7,double,110.29412373771544,JUMPING,False,,0.5646428350719999,,10.540553267300128,8.563521670532225,2.854507223510742,,339.8170654296875,14.81204605102539,240.94224548339844,False
231,9.24,0.8508965969085693,78.46819999394938,7,0,7,double,110.29412373771544,STOPPED,False,,0.5646428350719999,,10.540553267300128,9.086987878417968,3.028995959472656,,339.9142578125,15.892865180969238,236.18081665039062,False
232,9.28,0.8258185386657715,78.3913999912329,7,0,7,double,110.29412373771544,STOPPED,False,,0.5646428350719999,,10.540553267300128,8.664102108764649,2.888034036254883,,340.5406860351562,16.567773818969727,231.2432098388672,False
233,9.32,0.8452930450439453,77.80530001036823,7,0,7,double,110.29412373771544,STOPPED,False,,0.5646428350719999,,10.540553267300128,7.930652178955077,2.643550726318359,,340.5406860351562,15.08641242980957,226.4706268310547,False
234,9.36,0.817069947719574,81.68980001937598,7,0,7,double,110.29412373771544,STOPPED,False,,0.5646428350719999,,10.540553267300128,7.220073779296875,2.406691259765625,,340.5406860351562,14.183408737182617,223.97488403320312,False
235,9.4,0.8155852556228638,78.92080000601709,7,0,7,double,110.29412373771544,STOPPED,False,,0.5646428350719999,,10.540553267300128,7.8003455383300775,2.600115179443359,,340.5406860351562,15.289536476135254,223.03128051757812,False
236,9.44,0.8546326160430908,79.15459998184815,7,0,7,double,110.29412373771544,STOPPED,False,,0.5646428350719999,,10.540553267300128,8.05824409790039,2.6860813659667966,,340.5702392578125,13.225410461425781,225.90524291992188,False
237,9.48,0.8459583520889282,84.11549997981638,7,0,7,double,110.29412373771544,STOPPED,False,,0.5646428350719999,,10.540553267300128,9.840458880615234,3.280152960205078,,341.461474609375,13.056674003601074,229.93014526367188,False
238,9.52,0.8195046186447144,78.10199999948964,7,0,7,double,110.29412373771544,STOPPED,False,,0.5646428350719999,,10.540553267300128,10.172605078124999,3.3908683593749998,,341.6987731933594,13.180377006530762,236.68954467773438,False
239,9.56,0.8023175597190857,80.0607000128366,7,0,7,double,110.29412373771544,STOPPED,False,,0.5646428350719999,,10.540553267300128,10.879790075683594,3.626596691894531,,342.07098388671875,13.60512638092041,243.17767333984375,False
240,9.6,0.8060125112533569,77.78079999843612,7,0,7,double,110.29412373771544,STOPPED,False,,0.5646428350719999,,10.540553267300128,10.138671057128906,3.3795570190429687,,342.07098388671875,13.609833717346191,244.97604370117188,False
241,9.64,0.7944426536560059,78.59379996079952,7,0,7,double,110.29412373771544,STOPPED,False,,0.5646428350719999,,10.540553267300128,9.840458880615234,3.280152960205078,,342.07098388671875,13.589364051818848,245.43588256835938,False
242,9.68,0.8309651017189026,77.39569997647777,7,0,7,double,110.29412373771544,STOPPED,False,,0.5646428350719999,,10.540553267300128,9.840458880615234,3.280152960205078,,342.07098388671875,12.566412925720215,242.746337890625,False
243,9.72,0.8485349416732788,108.09659998631105,7,0,7,double,110.29412373771544,STOPPED,False,,0.5646428350719999,,10.540553267300128,9.931130584716795,3.3103768615722653,,342.07098388671875,14.003878593444824,237.82826232910156,False
244,9.76,0.8094158172607422,110.09690002538264,7,0,7,double,110.29412373771544,STOPPED,False,,0.5646428350719999,,10.540553267300128,10.10473703613281,3.368245678710937,,342.07098388671875,15.652894020080566,231.42344665527344,False
245,9.8,0.8106968402862549,103.23429998243228,7,0,7,double,110.29412373771544,STOPPED,False,,0.5646428350719999,,10.540553267300128,9.619005459594725,3.206335153198242,,342.07098388671875,16.0565242767334,225.9279327392578,False
246,9.84,0.8501250743865967,93.40549999615178,7,0,7,double,110.29412373771544,STOPPED,False,,0.5646428350719999,,10.540553267300128,9.75752413330078,3.2525080444335934,,342.07098388671875,15.177998542785645,222.87161254882812,False
247,9.88,0.8477789163589478,79.08370002405718,7,0,7,double,110.29412373771544,STOPPED,False,,0.5646428350719999,,10.540553267300128,9.08454462890625,3.02818154296875,,342.07098388671875,14.137473106384277,221.2442626953125,False
248,9.92,0.8214205503463745,81.84090000577271,7,0,7,double,110.29412373771544,STOPPED,False,,0.5646428350719999,,10.540553267300128,8.46966016845703,2.8232200561523437,,342.1726928710938,13.93116283416748,222.45697021484375,False
249,9.96,0.8566689491271973,79.35499999439344,7,0,7,double,110.29412373771544,STOPPED,False,,0.5646428350719999,,10.540553267300128,4.669864233398437,1.5566214111328125,,343.1627197265625,13.008868217468262,226.32403564453125,False
250,10.0,0.829123854637146,79.76170000620186,7,0,7,double,110.29412373771544,STOPPED,False,,0.5646428350719999,,10.540553267300128,5.720325787353516,1.9067752624511718,,344.0652099609375,10.987462043762207,231.8814239501953,False
251,10.04,0.8314567804336548,76.57249999465421,7,0,7,double,110.29412373771544,STOPPED,False,,0.5646428350719999,,10.540553267300128,6.858065643310546,2.2860218811035153,,344.0652099609375,11.69621753692627,238.91134643554688,False
252,10.08,0.8206223249435425,84.77600000333041,7,0,7,double,110.29412373771544,STOPPED,False,,0.5646428350719999,,10.540553267300128,6.3482409118652345,2.116080303955078,,344.0652099609375,15.728492736816406,243.64056396484375,False
253,10.12,0.8111392855644226,76.95980003336444,7,0,7,double,110.29412373771544,STOPPED,False,,0.5646428350719999,,10.540553267300128,6.3709088378906245,2.123636279296875,,344.0652099609375,17.973785400390625,246.11477661132812,False
254,10.16,0.8206120729446411,79.09020001534373,7,0,7,double,110.29412373771544,STOPPED,False,,0.5646428350719999,,10.540553267300128,5.3308310943603505,1.776943698120117,,344.0652099609375,17.95181655883789,244.38478088378906,False
255,10.2,0.8425658941268921,80.58700000401586,7,0,7,double,110.29412373771544,STOPPED,False,,0.5646428350719999,,10.540553267300128,4.991965960693359,1.663988653564453,,344.0652099609375,17.556854248046875,239.20028686523438,True
256,10.24,0.8103365898132324,78.09779996750876,7,0,7,double,110.29412373771544,STOPPED,False,,0.5646428350719999,,10.540553267300128,4.669864233398437,1.5566214111328125,,344.0652099609375,15.864155769348145,233.13645935058594,True
257,10.28,0.8288283944129944,80.24549996480346,7,0,7,double,110.29412373771544,STOPPED,False,,0.5646428350719999,,10.540553267300128,4.772887921142578,1.5909626403808592,,344.0652099609375,14.763465881347656,227.56307983398438,True
258,10.32,0.8322407007217407,79.49519995599985,7,0,7,double,110.29412373771544,STOPPED,False,,0.5646428350719999,,10.540553267300128,4.726262576293945,1.5754208587646483,,344.0652099609375,14.795703887939453,224.23245239257812,True
259,10.36,0.7941620349884033,78.71599995996803,7,0,7,double,110.29412373771544,STOPPED,False,,0.5646428350719999,,10.540553267300128,4.726262576293945,1.5754208587646483,,344.0652099609375,14.586511611938477,222.0157470703125,True
260,10.4,0.808444619178772,77.25929998559877,7,0,7,double,0.0,STOPPED,False,2.6800000000000006,,7.064416503906273,10.540553267300128,4.772887921142578,1.5909626403808592,337.00079345703125,344.0652099609375,12.896512031555176,221.97061157226562,False
261,10.44,0.8685104250907898,78.00320000387728,7,0,7,double,0.0,STOPPED,False,,,,10.540553267300128,5.1069344238281245,1.7023114746093748,,344.0652099609375,13.246708869934082,225.18238830566406,False
262,10.48,0.8126710653305054,79.91520001087338,7,0,7,double,0.0,STOPPED,False,,,,10.540553267300128,5.6525934814453125,1.8841978271484374,,344.74228515625,13.437695503234863,234.74240112304688,False
263,10.52,0.8196476101875305,83.41389999259263,7,0,7,double,0.0,STOPPED,False,,,,10.540553267300128,5.6525934814453125,1.8841978271484374,,344.74228515625,13.259683609008789,241.22821044921875,False
264,10.56,0.8100003004074097,81.569199974183,7,0,7,double,0.0,STOPPED,False,,,,10.540553267300128,5.6525934814453125,1.8841978271484374,,344.74228515625,15.58227252960205,245.22622680664062,False
265,10.6,0.8020680546760559,82.21930003492162,7,0,7,double,0.0,STOPPED,False,,,,10.540553267300128,9.478993688964843,3.159664562988281,,345.311962890625,14.769704818725586,247.00930786132812,False
266,10.64,0.826802134513855,117.29460000060499,7,0,7,double,0.0,STOPPED,False,,,,10.540553267300128,9.936152819824219,3.312050939941406,,345.3357299804687,14.275343894958496,245.12596130371094,False
267,10.68,0.817442774772644,112.99779999535531,7,0,7,double,0.0,STOPPED,False,,,,10.540553267300128,9.965743286132813,3.3219144287109375,,345.3357299804687,17.055892944335938,240.153564453125,False
268,10.72,0.8415564298629761,118.83220000891015,7,0,7,double,0.0,STOPPED,False,,,,10.540553267300128,9.474650134277343,3.158216711425781,,345.3357299804687,17.773603439331055,234.87356567382812,False
269,10.76,0.8022626638412476,110.05100002512336,7,0,7,double,0.0,STOPPED,False,,,,10.540553267300128,9.474650134277343,3.158216711425781,,345.3357299804687,15.724398612976074,229.89208984375,False
270,10.8,0.8257526755332947,88.3460000040941,7,0,7,double,0.0,STOPPED,False,,,,10.540553267300128,8.20904688720703,2.7363489624023436,,345.3357299804687,14.42044448852539,226.79238891601562,False
271,10.84,0.7916356325149536,86.619800014887,7,0,7,double,0.0,STOPPED,False,,,,10.540553267300128,8.20904688720703,2.7363489624023436,,345.3357299804687,14.576395034790039,223.51876831054688,False
272,10.88,0.8315368890762329,83.30370002659038,7,0,7,double,0.0,STOPPED,False,,,,10.540553267300128,7.385400329589842,2.461800109863281,,345.3357299804687,13.401739120483398,222.85333251953125,False
273,10.92,0.8597824573516846,84.05569999013096,7,0,7,double,0.0,STOPPED,False,,,,10.540553267300128,6.690160107421875,2.230053369140625,,345.3357299804687,12.658772468566895,225.1148223876953,False
274,10.96,0.8315504789352417,83.2642000168562,7,0,7,double,0.0,STOPPED,False,,,,10.540553267300128,8.158010119628907,2.7193367065429688,,345.38505859375,12.998018264770508,229.71673583984375,False
275,11.0,0.7928063273429871,83.74380000168458,7,0,7,double,0.0,STOPPED,False,,,,10.540553267300128,8.186243225097655,2.7287477416992187,,345.65418701171876,13.234640121459961,236.59933471679688,False
276,11.04,0.7951759099960327,82.8608000301756,7,0,7,double,0.0,STOPPED,False,,,,10.540553267300128,8.186243225097655,2.7287477416992187,,345.65418701171876,12.347818374633789,241.24551391601562,False
277,11.08,0.8201508522033691,82.03270001104102,7,0,7,double,0.0,STOPPED,False,,,,10.540553267300128,8.38088876953125,2.79362958984375,,345.7375732421875,15.423063278198242,245.102294921875,False
278,11.12,0.7977571487426758,82.44440000271425,7,0,7,double,0.0,STOPPED,False,,,,10.540553267300128,8.29836123046875,2.7661204101562498,,345.7375732421875,15.47385311126709,245.26248168945312,False
279,11.16,0.8314437866210938,81.58639998873696,7,0,7,double,0.0,STOPPED,False,,,,10.540553267300128,7.973001837158202,2.6576672790527343,,345.7375732421875,14.577048301696777,241.99545288085938,False
280,11.2,0.8498151898384094,81.66540000820532,7,0,7,double,0.0,STOPPED,False,,,,10.540553267300128,7.72501201171875,2.57500400390625,,345.7375732421875,15.399284362792969,236.7486572265625,False
281,11.24,0.8100600242614746,82.24459999473765,7,0,7,double,0.0,STOPPED,False,,,,10.540553267300128,7.72501201171875,2.57500400390625,,345.7375732421875,15.20427131652832,230.80197143554688,False
282,11.28,0.8222099542617798,85.14769998146221,7,0,7,double,0.0,STOPPED,False,,,,10.540553267300128,7.657415441894531,2.5524718139648437,,345.7375732421875,15.823144912719727,225.67681884765625,False
283,11.32,0.8236191272735596,84.93730000918731,7,0,7,double,0.0,STOPPED,False,,,,10.540553267300128,7.657415441894531,2.5524718139648437,,345.7375732421875,16.52131462097168,222.7119140625,False
284,11.36,0.8178426027297974,84.79450002778322,7,0,7,double,0.0,STOPPED,False,,,,10.540553267300128,7.59660567626953,2.5322018920898435,,345.7375732421875,14.394357681274414,221.66616821289062,False
285,11.4,0.844093918800354,83.41670001391321,7,0,7,double,0.0,STOPPED,False,,,,10.540553267300128,8.18882221069336,2.729607403564453,,345.7375732421875,16.26620864868164,223.565673828125,False
286,11.44,0.8341840505599976,84.1874000034295,7,0,7,double,0.0,STOPPED,False,,,,10.540553267300128,7.745508160400391,2.581836053466797,,345.841552734375,14.17129135131836,228.1317138671875,False
287,11.48,0.8087555170059204,82.2150000021793,7,0,7,double,0.0,STOPPED,False,,,,10.540553267300128,8.49042778930664,2.8301425964355467,,345.936376953125,14.079684257507324,234.60952758789062,False
288,11.52,0.8133112192153931,86.40750002814457,7,0,7,double,0.0,STOPPED,False,,,,10.540553267300128,8.575534313964845,2.8585114379882812,,346.1413635253906,11.720314979553223,242.59173583984375,False
289,11.56,0.8362827301025391,114.4514000043273,7,0,7,double,0.0,STOPPED,False,,,,10.540553267300128,7.803603204345704,2.6012010681152344,,347.0718688964844,11.20124626159668,247.80467224121094,False
290,11.6,0.8064178228378296,86.17680001771078,7,0,7,double,0.0,STOPPED,False,,,,10.540553267300128,8.158349459838867,2.719449819946289,,348.3384643554688,12.901097297668457,249.12432861328125,False
291,11.64,0.7849514484405518,124.00830001570284,7,0,7,double,0.0,STOPPED,False,,,,10.540553267300128,6.977784869384765,2.3259282897949216,,348.3384643554688,13.31311321258545,247.5335693359375,False
292,11.68,0.8322334289550781,122.24329996388406,7,0,7,double,0.0,STOPPED,False,,,,10.540553267300128,6.048535638427733,2.016178546142578,,348.3384643554688,14.10336971282959,242.89236450195312,False
293,11.72,0.6112387180328369,103.10730000492185,7,0,7,double,0.0,STOPPED,False,,,,10.540553267300128,5.119286407470703,1.7064288024902343,,348.3384643554688,16.27766227722168,235.6672821044922,False
294,11.76,0.8717823028564453,100.4829999874346,7,0,7,double,0.0,STOPPED,False,,,,10.540553267300128,4.8231102722167964,1.6077034240722656,,348.3384643554688,16.65048599243164,230.76861572265625,False
295,11.8,0.8290759921073914,99.54149997793138,7,0,7,double,0.0,STOPPED,False,,,,10.540553267300128,5.067978167724609,1.689326055908203,,348.3384643554688,17.67218780517578,225.42678833007812,True
296,11.84,0.8241826295852661,83.96850002463907,7,0,7,double,0.0,STOPPED,False,,,,10.540553267300128,5.067978167724609,1.689326055908203,,348.3384643554688,17.754180908203125,222.19903564453125,True
297,11.88,0.8178663849830627,83.48159998422489,8,0,8,double,0.0,JUMPING,True,,,6.616479492187523,9.559534823521977,5.088067108154297,1.6960223693847656,341.72198486328125,348.3384643554688,17.157363891601562,221.95445251464844,False
298,11.92,0.8070385456085205,81.7691000411287,8,0,8,double,0.0,JUMPING,False,,,,9.559534823521977,5.217152124023437,1.7390507080078124,,348.3384643554688,16.44685173034668,227.73036193847656,False
299,11.96,0.8086264133453369,81.80819998960942,8,0,8,double,0.0,JUMPING,False,,,,9.559534823521977,5.575970462036133,1.8586568206787109,,348.3384643554688,15.739766120910645,231.87960815429688,False
300,12.0,0.7937914729118347,82.07270002458245,8,0,8,double,0.0,JUMPING,False,,,,9.559534823521977,6.6525612121582025,2.2175204040527343,,348.3384643554688,17.17181968688965,234.57943725585938,False
301,12.04,0.8193549513816833,83.42750003794208,8,0,8,double,0.0,JUMPING,False,,,,9.559534823521977,7.468199340820313,2.4893997802734376,,348.492626953125,15.998054504394531,239.52914428710938,False
302,12.08,0.8213223218917847,82.64300000155345,8,0,8,double,0.0,JUMPING,False,,,,9.559534823521977,8.6567044921875,2.8855681640624997,,348.492626953125,18.654769897460938,244.02987670898438,False
303,12.12,0.8141881823539734,81.06810000026599,8,0,8,double,0.0,JUMPING,False,,,,9.559534823521977,8.6567044921875,2.8855681640624997,,348.492626953125,21.28980827331543,245.0599365234375,False
304,12.16,0.8345466256141663,86.19440003531054,8,0,8,double,0.0,JUMPING,False,,,,9.559534823521977,8.6567044921875,2.8855681640624997,,348.492626953125,21.522560119628906,241.45138549804688,False
305,12.2,0.8637937307357788,80.88079997105524,8,0,8,double,0.0,JUMPING,False,,,,9.559534823521977,8.6567044921875,2.8855681640624997,,348.492626953125,20.6932315826416,235.4029541015625,False
306,12.24,0.8529314398765564,83.26799998758361,8,0,8,double,0.0,JUMPING,False,,,,9.559534823521977,8.6567044921875,2.8855681640624997,,348.492626953125,19.976593017578125,231.486572265625,False
307,12.28,0.8224489092826843,83.30180001212284,8,0,8,double,0.0,JUMPING,False,,,,9.559534823521977,8.6567044921875,2.8855681640624997,,348.492626953125,18.03240966796875,227.07748413085938,False
308,12.32,0.8018507957458496,83.2572000217624,8,0,8,double,0.0,JUMPING,False,,,,9.559534823521977,8.6567044921875,2.8855681640624997,,348.492626953125,19.019439697265625,223.3558349609375,True
309,12.36,0.8347629904747009,85.5883999611251,9,0,9,double,125.00011920940324,JUMPING,True,0.47999999999999865,0.47999999999999865,9.251904296875011,9.482627191860235,8.6567044921875,2.8855681640624997,339.24072265625,348.492626953125,14.923568725585938,221.96713256835938,False
310,12.4,0.8365112543106079,82.4682000093162,9,0,9,double,125.00011920940324,JUMPING,False,,0.47999999999999865,,9.482627191860235,7.468199340820313,2.4893997802734376,,348.492626953125,12.697728157043457,225.87313842773438,False
311,12.44,0.8145105242729187,113.25759999454021,9,0,9,double,125.00011920940324,JUMPING,False,,0.47999999999999865,,9.482627191860235,7.468199340820313,2.4893997802734376,,348.492626953125,11.970649719238281,228.46844482421875,False
312,12.48,0.8481592535972595,94.88739998778328,9,0,9,double,125.00011920940324,JUMPING,False,,0.47999999999999865,,9.482627191860235,7.5195075805664064,2.506502526855469,,348.492626953125,11.379321098327637,230.4638214111328,False
313,12.52,0.8305993676185608,124.8007999965921,9,0,9,double,125.00011920940324,JUMPING,False,,0.47999999999999865,,9.482627191860235,8.198730944824218,2.7329103149414062,,348.492626953125,12.66644287109375,236.3432159423828,False
314,12.56,0.843300998210907,111.68059997726232,9,0,9,double,125.00011920940324,JUMPING,False,,0.47999999999999865,,9.482627191860235,8.6567044921875,2.8855681640624997,,348.492626953125,12.578407287597656,242.16122436523438,False
315,12.6,0.8210628628730774,97.17209998052567,9,0,9,double,125.00011920940324,JUMPING,False,,0.47999999999999865,,9.482627191860235,8.841169830322265,2.947056610107422,,348.492626953125,13.19231128692627,244.94833374023438,False
316,12.64,0.8586117029190063,83.77780002774671,9,0,9,double,125.00011920940324,JUMPING,False,,0.47999999999999865,,9.482627191860235,8.427717718505859,2.8092392395019528,,348.492626953125,12.855043411254883,240.88665771484375,False
317,12.68,0.8656353950500488,82.989800022915,9,0,9,double,125.00011920940324,JUMPING,False,,0.47999999999999865,,9.482627191860235,8.198730944824218,2.7329103149414062,,348.492626953125,13.690136909484863,237.8804931640625,False
318,12.72,0.8429165482521057,82.25099998526275,9,0,9,double,125.00011920940324,JUMPING,False,,0.47999999999999865,,9.482627191860235,7.859119262695312,2.6197064208984373,,348.492626953125,13.705100059509277,235.57382202148438,False
319,12.76,0.8602803349494934,86.70309995068237,9,0,9,double,125.00011920940324,JUMPING,False,,0.47999999999999865,,9.482627191860235,8.250039184570312,2.7500130615234375,,348.492626953125,14.377425193786621,231.79037475585938,False
320,12.8,0.8154850006103516,97.38360001938418,9,0,9,double,125.00011920940324,JUMPING,False,,0.47999999999999865,,9.482627191860235,8.250039184570312,2.7500130615234375,,348.492626953125,14.451754570007324,227.46597290039062,False
321,12.84,0.8061588406562805,84.23830004176125,9,0,9,double,125.00011920940324,JUMPING,False,,0.47999999999999865,,9.482627191860235,8.250039184570312,2.7500130615234375,,348.492626953125,12.406747817993164,224.73333740234375,False
322,12.88,0.8462451696395874,82.21720001893118,9,0,9,double,125.00011920940324,JUMPING,False,,0.47999999999999865,,9.482627191860235,8.250039184570312,2.7500130615234375,,348.492626953125,12.054147720336914,227.25607299804688,False
323,12.92,0.8534941673278809,92.57340000476688,9,0,9,double,125.00011920940324,JUMPING,False,,0.47999999999999865,,9.482627191860235,8.023224188232422,2.6744080627441407,,348.492626953125,11.897832870483398,229.34654235839844,False
324,12.96,0.8565815687179565,102.58309997152537,9,0,9,double,125.00011920940324,JUMPING,False,,0.47999999999999865,,9.482627191860235,6.9878293395996085,2.329276446533203,,348.40391235351564,13.171939849853516,230.9844970703125,False
325,13.0,0.7993459701538086,83.33350002067164,9,0,9,double,125.00011920940324,JUMPING,False,,0.47999999999999865,,9.482627191860235,6.993123046875,2.331041015625,,348.0122802734375,14.488534927368164,235.56231689453125,False
326,13.04,0.8060272932052612,93.28640002058819,9,0,9,double,125.00011920940324,JUMPING,False,,0.47999999999999865,,9.482627191860235,6.1996098999023435,2.0665366333007813,,347.5602722167969,13.45982551574707,241.41265869140625,False
327,13.08,0.8203760385513306,82.25659996969625,9,0,9,double,125.00011920940324,JUMPING,False,,0.47999999999999865,,9.482627191860235,5.9510771301269525,1.9836923767089842,,347.23236083984375,15.18001937866211,245.14602661132812,True
328,13.12,0.8307822346687317,86.47799998288974,9,0,9,double,125.00011920940324,JUMPING,False,,0.47999999999999865,,9.482627191860235,5.890674572753906,1.9635581909179687,,347.23236083984375,16.912511825561523,244.34814453125,True
329,13.16,0.8329920768737793,82.12279999861494,9,0,9,double,125.00011920940324,JUMPING,False,,0.47999999999999865,,9.482627191860235,6.346747814941406,2.1155826049804687,,347.23236083984375,17.777000427246094,240.0084991455078,True
330,13.2,0.857340395450592,85.11809998890385,9,0,9,double,125.00011920940324,JUMPING,False,,0.47999999999999865,,9.482627191860235,6.381496252441406,2.1271654174804686,,347.23236083984375,16.711055755615234,237.15423583984375,True
331,13.24,0.8298157453536987,120.73199998121709,9,0,9,double,125.00011920940324,JUMPING,False,,0.47999999999999865,,9.482627191860235,5.538303698730468,1.846101232910156,,347.23236083984375,16.193130493164062,232.84197998046875,True
332,13.28,0.7852694988250732,142.0098000089638,9,0,9,double,125.00011920940324,JUMPING,False,,0.47999999999999865,,9.482627191860235,6.381496252441406,2.1271654174804686,,347.23236083984375,14.62060260772705,227.54727172851562,True
333,13.32,0.8337570428848267,124.84940001741052,10,0,10,double,83.33335761671421,JUMPING,True,0.9600000000000009,0.5855999999999991,8.656982421875,9.276215999363927,6.381496252441406,2.1271654174804686,338.57537841796875,347.23236083984375,14.0906982421875,224.30062866210938,False
334,13.36,0.8499106168746948,158.2297999993898,10,0,10,double,83.33335761671421,JUMPING,False,,0.5855999999999991,,9.276215999363927,6.802821057128906,2.2676070190429685,,347.23236083984375,13.412153244018555,226.26754760742188,False
335,13.4,0.8545936346054077,172.68499999772757,10,0,10,double,83.33335761671421,JUMPING,False,,0.5855999999999991,,9.276215999363927,6.802821057128906,2.2676070190429685,,347.23236083984375,12.994572639465332,228.00701904296875,False
336,13.44,0.8929251432418823,147.66489999601617,10,0,10,double,83.33335761671421,JUMPING,False,,0.5855999999999991,,9.276215999363927,6.802821057128906,2.2676070190429685,,347.23236083984375,13.284088134765625,230.09474182128906,False
337,13.48,0.8112555742263794,132.64579995302483,10,0,10,double,83.33335761671421,JUMPING,False,,0.5855999999999991,,9.276215999363927,6.445020739746093,2.148340246582031,,347.77708129882814,13.904609680175781,233.28082275390625,False
338,13.52,0.8077907562255859,117.24130000220612,10,0,10,double,83.33335761671421,JUMPING,False,,0.5855999999999991,,9.276215999363927,6.445020739746093,2.148340246582031,,347.7481628417969,14.296623229980469,239.0982666015625,False
339,13.56,0.8095164895057678,132.121599977836,10,0,10,double,83.33335761671421,JUMPING,False,,0.5855999999999991,,9.276215999363927,6.0872204223632815,2.029073474121094,,348.2941162109375,18.30186653137207,244.76431274414062,False
340,13.6,0.8266782760620117,95.885900023859,10,0,10,double,83.33335761671421,JUMPING,False,,0.5855999999999991,,9.276215999363927,6.878561791992187,2.2928539306640623,,348.2941162109375,17.873971939086914,245.13906860351562,False
341,13.64,0.8155844807624817,93.7312999740243,10,0,10,double,83.33335761671421,JUMPING,False,,0.5855999999999991,,9.276215999363927,7.903776434326171,2.6345921447753904,,348.2941162109375,16.806427001953125,241.4586639404297,False
342,13.68,0.8253738284111023,89.13889998802915,10,0,10,double,83.33335761671421,JUMPING,False,,0.5855999999999991,,9.276215999363927,7.432636486816406,2.4775454956054688,,348.2941162109375,16.62010955810547,238.67214965820312,False
343,13.72,0.856074333190918,112.42829996626824,10,0,10,double,83.33335761671421,JUMPING,False,,0.5855999999999991,,9.276215999363927,7.148676599121092,2.382892199707031,,348.2941162109375,16.85955810546875,234.49481201171875,False
344,13.76,0.8212132453918457,101.77100001601502,10,0,10,double,83.33335761671421,JUMPING,False,,0.5855999999999991,,9.276215999363927,6.112738806152343,2.0375796020507813,,348.2941162109375,17.639436721801758,229.43588256835938,False
345,13.8,0.8030835390090942,87.81920000910759,10,0,10,double,83.33335761671421,JUMPING,False,,0.5855999999999991,,9.276215999363927,7.112299328613281,2.3707664428710937,,348.2941162109375,17.05069923400879,226.3887481689453,False
346,13.84,0.8169143795967102,101.21739999158308,10,0,10,double,83.33335761671421,JUMPING,False,,0.5855999999999991,,9.276215999363927,6.112738806152343,2.0375796020507813,,348.2941162109375,13.899645805358887,226.5247802734375,False
347,13.88,0.8173424601554871,103.29830000409856,10,0,10,double,83.33335761671421,JUMPING,False,,0.5855999999999991,,9.276215999363927,7.329341326904297,2.4431137756347656,,348.2941162109375,13.57386302947998,226.8853759765625,False
348,13.92,0.7863553762435913,101.79380001500249,10,0,10,double,83.33335761671421,JUMPING,False,,0.5855999999999991,,9.276215999363927,6.520897210693359,2.173632403564453,,348.2941162109375,12.245030403137207,227.30996704101562,False
349,13.96,0.8328143358230591,86.32160001434386,10,0,10,double,83.33335761671421,JUMPING,False,,0.5855999999999991,,9.276215999363927,6.774112875366211,2.2580376251220704,,348.2941162109375,12.501663208007812,229.56475830078125,False
350,14.0,0.8273113369941711,117.14719998417422,10,0,10,double,83.33335761671421,JUMPING,False,,0.5855999999999991,,9.276215999363927,6.8839233673095706,2.2946411224365235,,348.3701110839844,12.80742073059082,234.6544952392578,False
351,14.04,0.8361124992370605,110.55590002797544,10,0,10,double,83.33335761671421,JUMPING,False,,0.5855999999999991,,9.276215999363927,6.8839233673095706,2.2946411224365235,,348.4623962402344,13.464447021484375,241.5533447265625,False
352,14.08,0.8335500359535217,126.40879995888099,10,0,10,double,83.33335761671421,JUMPING,False,,0.5855999999999991,,9.276215999363927,8.294560620117187,2.7648535400390624,,348.4936889648437,14.30776596069336,244.63397216796875,False
353,14.12,0.8418211936950684,120.26390002574772,10,0,10,double,83.33335761671421,JUMPING,False,,0.5855999999999991,,9.276215999363927,9.02780694580078,3.0092689819335936,,348.4936889648437,14.28399658203125,246.3460693359375,False
354,14.16,0.8173197507858276,122.65849998220801,10,0,10,double,83.33335761671421,JUMPING,False,,0.5855999999999991,,9.276215999363927,7.730034246826171,2.5766780822753903,,348.6796936035156,14.779909133911133,242.42803955078125,False
355,14.2,0.8448720574378967,107.43299999739975,10,0,10,double,83.33335761671421,JUMPING,False,,0.5855999999999991,,9.276215999363927,7.41723044128418,2.4724101470947266,,348.6796936035156,15.088346481323242,236.4717254638672,False
356,14.24,0.8268125653266907,98.41430000960827,10,0,10,double,83.33335761671421,JUMPING,False,,0.5855999999999991,,9.276215999363927,7.546519061279296,2.5155063537597653,,348.6796936035156,18.368894577026367,230.26161193847656,False
357,14.28,0.8335228562355042,97.56939997896552,10,0,10,double,83.33335761671421,JUMPING,False,,0.5855999999999991,,9.276215999363927,7.730034246826171,2.5766780822753903,,348.6796936035156,16.308006286621094,225.46163940429688,False
358,14.32,0.8027809858322144,97.54930000053719,10,0,10,double,83.33335761671421,JUMPING,False,,0.5855999999999991,,9.276215999363927,7.730034246826171,2.5766780822753903,,348.6796936035156,14.506369590759277,222.84201049804688,False
359,14.36,0.8627439737319946,90.23400000296533,10,0,10,double,83.33335761671421,JUMPING,False,,0.5855999999999991,,9.276215999363927,7.546519061279296,2.5155063537597653,,348.6796936035156,14.38005256652832,223.68724060058594,False
360,14.4,0.8184182643890381,84.05750000383705,10,0,10,double,83.33335761671421,JUMPING,False,,0.5855999999999991,,9.276215999363927,7.41723044128418,2.4724101470947266,,348.6796936035156,14.047744750976562,224.65158081054688,False
361,14.44,0.868557870388031,86.67930000228807,10,0,10,double,83.33335761671421,JUMPING,False,,0.5855999999999991,,9.276215999363927,7.2879418212890625,2.4293139404296875,,348.6796936035156,14.185325622558594,227.62408447265625,False
362,14.48,0.8447745442390442,100.3154999925755,10,0,10,double,83.33335761671421,JUMPING,False,,0.5855999999999991,,9.276215999363927,7.41723044128418,2.4724101470947266,,348.6796936035156,14.089129447937012,232.8231201171875,False
363,14.52,0.840166449546814,103.02320000482723,10,0,10,double,83.33335761671421,JUMPING,False,,0.5855999999999991,,9.276215999363927,7.034658288574219,2.344886096191406,,348.6796936035156,13.433197975158691,240.577392578125,False
364,14.56,0.8450356125831604,91.51280001970008,10,0,10,double,83.33335761671421,JUMPING,False,,0.5855999999999991,,9.276215999363927,7.31454609375,2.4381820312499998,,348.6796936035156,15.8651762008667,242.4720001220703,False
365,14.6,0.854203462600708,95.44489998370409,10,0,10,double,83.33335761671421,JUMPING,False,,0.5855999999999991,,9.276215999363927,7.614047763061523,2.5380159210205075,,348.6796936035156,16.98943519592285,243.35028076171875,False
366,14.64,0.8290606737136841,98.99669996229932,10,0,10,double,83.33335761671421,JUMPING,False,,0.5855999999999991,,9.276215999363927,7.709809570312499,2.5699365234375,,348.6796936035156,17.1791934967041,243.2438201904297,False
367,14.68,0.8351733088493347,83.87259999290109,10,0,10,double,83.33335761671421,JUMPING,False,,0.5855999999999991,,9.276215999363927,8.898246853637694,2.966082284545898,,348.6796936035156,15.73928451538086,239.18072509765625,False
368,14.72,0.8697842955589294,95.23160004755482,10,0,10,double,83.33335761671421,JUMPING,False,,0.5855999999999991,,9.276215999363927,9.065541577148437,3.0218471923828125,,348.6796936035156,15.549636840820312,233.62506103515625,False
369,14.76,0.8247548341751099,96.85729996999726,10,0,10,double,83.33335761671421,JUMPING,False,,0.5855999999999991,,9.276215999363927,8.75416300048828,2.9180543334960936,,348.6796936035156,15.355982780456543,228.35165405273438,False
370,14.8,0.8442071080207825,103.40809996705502,10,0,10,double,83.33335761671421,JUMPING,False,,0.5855999999999991,,9.276215999363927,8.75416300048828,2.9180543334960936,,348.6796936035156,14.362944602966309,223.92575073242188,False
371,14.84,0.8342320322990417,131.74380001146346,10,0,10,double,83.33335761671421,STOPPED,False,,0.5855999999999991,,9.276215999363927,9.17603074951172,3.0586769165039063,,348.6796936035156,13.561003684997559,221.88140869140625,False
372,14.88,0.8648852109909058,129.84460004372522,10,0,10,double,83.33335761671421,STOPPED,False,,0.5855999999999991,,9.276215999363927,8.844291760253906,2.9480972534179686,,348.6796936035156,12.012784957885742,224.4620361328125,False
373,14.92,0.8144723176956177,131.48000004002824,10,0,10,double,83.33335761671421,STOPPED,False,,0.5855999999999991,,9.276215999363927,7.920064764404296,2.6400215881347653,,348.4936889648437,10.823958396911621,226.59228515625,False
374,14.96,0.8262274265289307,120.3963000443764,10,0,10,double,83.33335761671421,STOPPED,False,,0.5855999999999991,,9.276215999363927,6.7547704833984366,2.251590161132812,,348.4398986816406,11.917015075683594,230.0712890625,False
375,15.0,0.8394502401351929,90.15160001581535,10,0,10,double,83.33335761671421,STOPPED,False,,0.5855999999999991,,9.276215999363927,7.410918713378907,2.4703062377929688,,348.4398986816406,11.497520446777344,235.7568359375,False
376,15.04,0.8225088119506836,84.20540002407506,10,0,10,double,83.33335761671421,STOPPED,False,,0.5855999999999991,,9.276215999363927,7.312374316406251,2.43745810546875,,348.14378051757814,13.358880996704102,241.68173217773438,False
377,15.08,0.8324047327041626,121.06039997888729,10,0,10,double,83.33335761671421,STOPPED,False,,0.5855999999999991,,9.276215999363927,5.345558459472656,1.7818528198242187,,348.14378051757814,14.917577743530273,244.8431854248047,False
378,15.12,0.8202370405197144,122.25000001490116,10,0,10,double,83.33335761671421,STOPPED,False,,0.5855999999999991,,9.276215999363927,5.324383630371093,1.7747945434570311,,348.14378051757814,15.055302619934082,246.38185119628906,False
379,15.16,0.8489499092102051,115.82350003300235,10,0,10,double,83.33335761671421,STOPPED,False,,0.5855999999999991,,9.276215999363927,4.779946197509766,1.5933153991699218,,348.14378051757814,13.668164253234863,243.89511108398438,True
380,15.2,0.8348601460456848,144.33729997836053,10,0,10,double,0.0,STOPPED,False,1.879999999999999,,4.805462646484386,9.276215999363927,4.598467053222656,1.5328223510742187,343.33831787109375,348.14378051757814,12.71718692779541,239.28152465820312,False
381,15.24,0.8412625193595886,119.90479996893555,10,0,10,double,0.0,STOPPED,False,,,,9.276215999363927,4.689206625366211,1.5630688751220703,,348.14378051757814,14.802604675292969,232.89117431640625,True
382,15.28,0.8297373652458191,126.35219999356195,10,0,10,double,0.0,STOPPED,False,,,,9.276215999363927,4.801528234863281,1.6005094116210936,,348.14378051757814,14.709261894226074,226.8667449951172,True
383,15.32,0.8483109474182129,116.65910005103797,10,0,10,double,0.0,STOPPED,False,,,,9.276215999363927,4.972216360473633,1.6574054534912108,,348.14378051757814,14.979796409606934,223.13482666015625,True
384,15.36,0.8215867877006531,104.35330000473186,10,0,10,double,0.0,STOPPED,False,,,,9.276215999363927,4.626428686523438,1.5421428955078125,,348.14378051757814,13.128389358520508,221.09918212890625,True
385,15.4,0.8378273248672485,95.9164000232704,10,0,10,double,0.0,STOPPED,False,,,,9.276215999363927,4.619438278198242,1.539812759399414,,348.14378051757814,12.995589256286621,221.6099853515625,True
386,15.44,0.8468921780586243,120.66319998120889,10,0,10,double,0.0,STOPPED,False,,,,9.276215999363927,4.939368228149414,1.6464560760498046,,348.14378051757814,12.768184661865234,225.5020751953125,True
387,15.48,0.8428331017494202,98.42449997086078,11,0,11,double,0.0,JUMPING,True,,,8.596661376953136,9.10632734376123,5.293164331054687,1.7643881103515624,339.0554504394531,347.65211181640626,11.738066673278809,230.35353088378906,False
388,15.52,0.8504573106765747,114.6870999946259,11,0,11,double,0.0,JUMPING,False,,,,9.10632734376123,5.293164331054687,1.7643881103515624,,346.9877685546875,12.202275276184082,237.44342041015625,False
389,15.56,0.8505414128303528,108.87239995645359,11,0,11,double,0.0,JUMPING,False,,,,9.10632734376123,5.521472424316406,1.8404908081054687,,346.8372802734375,12.910284996032715,243.20541381835938,False
390,15.6,0.8143562078475952,166.3383999839425,11,0,11,double,0.0,JUMPING,False,,,,9.10632734376123,5.521472424316406,1.8404908081054687,,346.8372802734375,14.287004470825195,244.72793579101562,False
391,15.64,0.8272312879562378,140.3015999821946,11,0,11,double,0.0,JUMPING,False,,,,9.10632734376123,5.521472424316406,1.8404908081054687,,346.7137939453125,14.77541732788086,245.3612823486328,False
392,15.68,0.846200704574585,107.00159997213632,11,0,11,double,0.0,JUMPING,False,,,,9.10632734376123,5.875200659179687,1.9584002197265624,,346.0110290527344,17.693553924560547,243.16070556640625,False
393,15.72,0.8497693538665771,91.61020000465214,11,0,11,double,0.0,JUMPING,False,,,,9.10632734376123,5.0915962463378905,1.6971987487792968,,346.0110290527344,19.49239730834961,238.8619384765625,False
394,15.76,0.8652514219284058,91.56349999830127,11,0,11,double,0.0,JUMPING,False,,,,9.10632734376123,5.819548864746094,1.9398496215820311,,346.304052734375,19.81676483154297,235.72283935546875,False
395,15.8,0.841684103012085,121.10660003963858,11,0,11,double,0.0,JUMPING,False,,,,9.10632734376123,5.521472424316406,1.8404908081054687,,346.7137939453125,19.860918045043945,234.49220275878906,False
396,15.84,0.8444423675537109,129.25390002783388,11,0,11,double,0.0,JUMPING,False,,,,9.10632734376123,5.410440307617187,1.8034801025390623,,346.7137939453125,19.91317367553711,234.602294921875,False
397,15.88,0.8547810912132263,113.42179996427149,11,0,11,double,0.0,JUMPING,False,,,,9.10632734376123,4.508406161499023,1.5028020538330078,,346.7137939453125,18.670820236206055,234.80975341796875,False
398,15.92,0.8449271321296692,108.46359998686239,11,0,11,double,0.0,JUMPING,False,,,,9.10632734376123,4.583671820068359,1.527890606689453,,346.7137939453125,16.652069091796875,237.6649627685547,False
399,15.96,0.8575851917266846,116.41310004051775,11,0,11,double,0.0,JUMPING,False,,,,9.10632734376123,4.986807989501953,1.6622693298339843,,346.89739990234375,15.429282188415527,240.73306274414062,False
400,16.0,0.8578733205795288,98.11710001667961,11,0,11,double,0.0,JUMPING,False,,,,9.10632734376123,5.329270129394531,1.7764233764648436,,347.07713012695314,15.048347473144531,241.60714721679688,False
401,16.04,0.8736788630485535,104.89580000285059,11,0,11,double,0.0,JUMPING,False,,,,9.10632734376123,5.444102856445312,1.8147009521484374,,347.12926025390624,14.677825927734375,241.12193298339844,False
402,16.08,0.8684690594673157,96.50299994973466,11,0,11,double,0.0,JUMPING,False,,,,9.10632734376123,7.202020880126952,2.400673626708984,,347.12926025390624,16.7213077545166,239.82437133789062,False
403,16.12,0.8646221160888672,118.45070001436397,11,0,11,double,0.0,JUMPING,False,,,,9.10632734376123,6.5350137634277345,2.178337921142578,,347.12926025390624,17.539623260498047,239.17367553710938,False
404,16.16,0.8671122789382935,107.73950000293553,11,0,11,double,0.0,JUMPING,False,,,,9.10632734376123,7.062212713623047,2.3540709045410155,,347.12926025390624,19.530757904052734,238.46585083007812,False
405,16.2,0.8598467707633972,122.67910002265126,11,0,11,double,0.0,JUMPING,False,,,,9.10632734376123,7.062212713623047,2.3540709045410155,,347.12926025390624,19.96503448486328,238.07894897460938,False
406,16.24,0.8580387830734253,137.26290001068264,11,0,11,double,0.0,JUMPING,False,,,,9.10632734376123,7.062212713623047,2.3540709045410155,,347.12926025390624,18.258975982666016,238.32888793945312,False
407,16.28,0.8479928374290466,97.36870002234355,11,0,11,double,0.0,JUMPING,False,,,,9.10632734376123,6.5350137634277345,2.178337921142578,,347.12926025390624,16.116893768310547,239.42364501953125,False
408,16.32,0.844964861869812,125.33629999961704,11,0,11,double,0.0,JUMPING,False,,,,9.10632734376123,6.600302819824218,2.200100939941406,,347.12926025390624,15.33781909942627,239.72946166992188,False
409,16.36,0.8689128160476685,118.13359998632222,11,0,11,double,0.0,JUMPING,False,,,,9.10632734376123,6.154002575683593,2.051334191894531,,347.12926025390624,15.129853248596191,240.04547119140625,False
410,16.4,0.832247257232666,91.18700004182756,11,0,11,double,0.0,JUMPING,False,,,,9.10632734376123,6.028107357788086,2.0093691192626952,,347.12926025390624,15.585132598876953,239.7713165283203,False
411,16.44,0.8421701192855835,85.322399972938,11,0,11,double,0.0,JUMPING,False,,,,9.10632734376123,5.2996796630859375,1.7665598876953124,,347.12926025390624,16.426095962524414,240.05593872070312,False
412,16.48,0.8342170715332031,106.74239997752011,11,0,11,double,0.0,JUMPING,False,,,,9.10632734376123,4.629686352539062,1.5432287841796875,,347.12926025390624,16.409914016723633,240.37423706054688,False
413,16.52,0.847868800163269,88.95080001093447,11,0,11,double,0.0,JUMPING,False,,,,9.10632734376123,4.629686352539062,1.5432287841796875,,347.12926025390624,16.766292572021484,240.76882934570312,False
414,16.56,0.8243277668952942,89.19919998152182,11,0,11,double,0.0,JUMPING,False,,,,9.10632734376123,4.52720560913086,1.5090685363769532,,347.12926025390624,16.958221435546875,240.92193603515625,False
415,16.6,0.8286215662956238,83.52550002746284,11,0,11,double,0.0,JUMPING,False,,,,9.10632734376123,4.142054470825196,1.3806848236083984,,347.12926025390624,17.10589027404785,241.42782592773438,False
416,16.64,0.8492125868797302,105.87099997792393,11,0,11,double,0.0,JUMPING,False,,,,9.10632734376123,4.0,1.2377321044921874,,347.12926025390624,17.314258575439453,241.91693115234375,False
417,16.68,0.8390845656394958,105.4776000091806,11,0,11,double,0.0,JUMPING,False,,,,9.10632734376123,4.0,1.1204561279296874,,347.12926025390624,18.444286346435547,242.93594360351562,False
418,16.72,0.8509978652000427,93.57850003289059,11,0,11,double,0.0,JUMPING,False,,,,9.10632734376123,4.0,1.0695098510742187,,347.12926025390624,18.848979949951172,242.97198486328125,False
419,16.76,0.8298296928405762,123.19950002711266,11,0,11,double,0.0,JUMPING,False,,,,9.10632734376123,4.0,1.0379738342285156,,347.12926025390624,19.02678680419922,242.76626586914062,False
420,16.8,0.8498575091362,115.86040002293885,11,0,11,double,0.0,JUMPING,False,,,,9.10632734376123,4.0,1.09240400390625,,347.12926025390624,20.154541015625,242.50970458984375,False
421,16.84,0.8515599966049194,100.1107000047341,11,0,11,double,0.0,JUMPING,False,,,,9.10632734376123,4.0,1.1357943054199218,,347.12926025390624,20.76172637939453,242.52072143554688,False
422,16.88,0.8239313960075378,104.43999996641651,11,0,11,double,0.0,JUMPING,False,,,,9.10632734376123,4.0,1.2336600219726561,,347.12926025390624,22.285709381103516,241.98583984375,True
423,16.92,0.8585574626922607,98.5019999789074,11,0,11,double,0.0,JUMPING,False,,,,9.10632734376123,4.0,1.1357943054199218,,347.12926025390624,23.77971076965332,241.970703125,True
424,16.96,0.8098879456520081,100.75770004186779,11,0,11,double,0.0,JUMPING,False,,,,9.10632734376123,4.0,1.1791846069335936,,347.12926025390624,25.85797882080078,241.35458374023438,True
425,17.0,0.8738276958465576,97.72070002509281,11,0,11,double,0.0,STOPPED,False,,,,9.10632734376123,4.0,1.2649698120117188,,347.12926025390624,25.09996223449707,241.2943878173828,True
426,17.04,0.8917656540870667,110.82539998460561,11,0,11,double,0.0,STOPPED,False,,,,9.10632734376123,4.0,1.2336600219726561,,347.1127624511719,26.311491012573242,241.04779052734375,True
427,17.08,0.9245163202285767,128.27079999260604,11,0,11,single,0.0,STOPPED,False,,,,9.10632734376123,4.0,1.2932481628417969,,347.04571533203125,26.819454193115234,240.6074981689453,True
428,17.12,0.8731940984725952,137.46569998329505,11,0,11,single,0.0,STOPPED,False,,,,9.10632734376123,4.126376953125,1.375458984375,,347.04571533203125,27.199800491333008,240.37539672851562,True
429,17.16,0.8714017868041992,134.23510000575334,11,0,11,single,0.0,STOPPED,False,,,,9.10632734376123,4.0,1.2932481628417969,,347.04571533203125,26.787778854370117,240.20849609375,True
430,17.2,0.876132607460022,100.34269996685907,11,0,11,single,0.0,STOPPED,False,,,,9.10632734376123,4.0,1.1476938354492188,,347.04571533203125,26.317792892456055,239.7815399169922,True
431,17.24,0.8643831610679626,100.44880001805723,11,0,11,single,0.0,STOPPED,False,,,,9.10632734376123,4.0,1.2226201538085937,,347.04571533203125,25.028642654418945,238.68197631835938,True
432,17.28,0.8425976037979126,120.10589998681098,11,0,11,single,0.0,STOPPED,False,,,,9.10632734376123,4.0585089111328125,1.3528363037109374,,346.94959716796876,25.68437957763672,237.91799926757812,True
433,17.32,0.8575431108474731,110.48220004886389,11,0,11,single,0.0,STOPPED,False,,,,9.10632734376123,4.0,1.2226201538085937,,346.94959716796876,22.87779426574707,236.9754638671875,True
434,17.36,0.8497709631919861,127.24420003360137,11,0,11,double,0.0,STOPPED,False,,,,9.10632734376123,4.0,1.2226201538085937,,346.94959716796876,17.91608428955078,236.54776000976562,True
435,17.4,0.8526468276977539,121.83760001789778,11,0,11,double,0.0,STOPPED,False,1.9199999999999982,,11.303356933593761,9.10632734376123,4.452415026855468,1.4841383422851562,335.646240234375,346.94959716796876,16.266353607177734,235.83416748046875,False
436,17.44,0.8466684818267822,122.82869999762625,11,0,11,double,0.0,STOPPED,False,,,,9.10632734376123,4.3238729553222655,1.4412909851074218,,346.85980224609375,17.59855842590332,235.18663024902344,False
437,17.48,0.8425188064575195,132.77329999255016,11,0,11,double,0.0,STOPPED,False,,,,9.10632734376123,4.3238729553222655,1.4412909851074218,,346.7888916015625,18.935768127441406,234.93502807617188,False
438,17.52,0.8578134775161743,114.55220001516864,11,0,11,double,0.0,STOPPED,False,,,,9.10632734376123,4.0,1.288587890625,,346.6291076660156,15.62506103515625,234.48609924316406,False
439,17.56,0.8568757772445679,120.47950003761798,11,0,11,double,0.0,STOPPED,False,,,,9.10632734376123,4.0,1.288587890625,,346.6291076660156,8.816770553588867,234.84637451171875,False
440,17.6,0.8580611348152161,151.4733000076376,11,0,11,double,0.0,STOPPED,False,,,,9.10632734376123,4.2665923278808595,1.422197442626953,,346.7888916015625,7.758133888244629,235.81857299804688,False
441,17.64,0.8732338547706604,91.01939998799935,11,0,11,double,0.0,STOPPED,False,,,,9.10632734376123,4.3238729553222655,1.4412909851074218,,346.91480712890626,5.804347515106201,236.21539306640625,False
442,17.68,0.8470916152000427,126.61750003462657,11,0,11,double,0.0,STOPPED,False,,,,9.10632734376123,4.3238729553222655,1.4412909851074218,,347.3915771484375,4.846672534942627,237.18643188476562,False
443,17.72,0.8653085231781006,120.01919996691868,11,0,11,double,0.0,STOPPED,False,,,,9.10632734376123,4.0585089111328125,1.3528363037109374,,348.20313720703126,5.633314609527588,237.61306762695312,False
444,17.76,0.8812093734741211,152.49670000048354,11,0,11,double,0.0,STOPPED,False,,,,9.10632734376123,4.0,1.1913103637695313,,348.77837524414065,6.530772686004639,237.95455932617188,False
445,17.8,0.8721339106559753,163.08130003744736,11,0,11,double,0.0,STOPPED,False,,,,9.10632734376123,4.537317947387695,1.5124393157958984,,349.2021240234375,4.985548973083496,238.28050231933594,False
446,17.84,0.8872671127319336,144.22170002944767,11,0,11,double,0.0,STOPPED,False,,,,9.10632734376123,5.721615280151367,1.907205093383789,,349.4748046875,5.13923978805542,238.92425537109375,False
447,17.88,0.8474417328834534,117.20329994568601,11,0,11,double,0.0,STOPPED,False,,,,9.10632734376123,6.6011172363281245,2.200372412109375,,349.625,3.6598119735717773,239.7724151611328,False
448,17.92,0.9110620021820068,118.20779996924102,11,0,11,double,0.0,STOPPED,False,,,,9.10632734376123,7.3445437683105474,2.4481812561035157,,349.90723876953126,4.3032331466674805,240.800048828125,False
449,17.96,0.8320958614349365,104.16550002992153,11,0,11,double,0.0,STOPPED,False,,,,9.10632734376123,8.646931494140624,2.882310498046875,,350.127197265625,3.8689820766448975,241.48458862304688,False
450,18.0,0.840883731842041,113.00660000415519,11,0,11,double,0.0,STOPPED,False,,,,9.10632734376123,10.539771185302733,3.513257061767578,,350.85267333984376,4.944004058837891,242.6110076904297,False
451,18.04,0.8466388583183289,155.6195000302978,11,0,11,double,0.0,STOPPED,False,,,,9.10632734376123,8.450182040405274,2.8167273468017577,,351.9816589355469,5.20115327835083,243.11314392089844,False
452,18.08,0.8551876544952393,147.77239999966696,11,0,11,double,0.0,STOPPED,False,,,,9.10632734376123,6.935978155517578,2.3119927185058593,,352.39833984375,5.737623691558838,243.09857177734375,False
453,18.12,0.8419649600982666,148.39029998984188,11,0,11,double,0.0,STOPPED,False,,,,9.10632734376123,7.364632708740234,2.454877569580078,,353.3599609375,4.999013423919678,244.81097412109375,False
454,18.16,0.8336939811706543,135.86939999368042,11,0,11,double,0.0,STOPPED,False,,,,9.10632734376123,11.415676135253905,3.8052253784179686,,354.80291748046875,7.103204250335693,247.70094299316406,False
455,18.2,0.8363390564918518,142.7082999725826,11,0,11,double,0.0,STOPPED,False,,,,9.10632734376123,11.376516275024414,3.7921720916748045,,355.07090454101564,7.964858531951904,249.37411499023438,False
456,18.24,0.8594176769256592,154.8165999702178,11,0,11,double,0.0,STOPPED,False,,,,9.10632734376123,12.369561465454101,4.123187155151367,,355.9111633300781,7.5773138999938965,249.96871948242188,False
457,18.28,0.863670825958252,141.0349000361748,11,0,11,double,0.0,STOPPED,False,,,,9.10632734376123,12.503872320556642,4.167957440185547,,357.27724609375,10.693161964416504,249.03775024414062,False
458,18.32,0.8792915344238281,115.45969999860972,11,0,11,double,0.0,STOPPED,False,,,,9.10632734376123,10.387746771240234,3.462582257080078,,358.5167602539062,10.5556640625,249.67474365234375,False
459,18.36,0.8695201277732849,236.40459997113794,11,0,11,double,0.0,STOPPED,False,,,,9.10632734376123,9.503561920166016,3.167853973388672,,358.5403076171875,11.96351146697998,248.10098266601562,False
460,18.4,0.8352142572402954,207.969699986279,11,0,11,double,0.0,STOPPED,False,,,,9.10632734376123,8.793933673095703,2.9313112243652344,,358.5403076171875,13.548442840576172,246.5284423828125,False
461,18.44,0.8648309111595154,171.99199995957315,11,0,11,double,0.0,STOPPED,False,,,,9.10632734376123,7.8352975799560545,2.6117658599853515,,359.03297119140626,15.62785530090332,246.3001251220703,False
462,18.48,0.8859177827835083,142.17199996346608,11,0,11,double,0.0,STOPPED,False,,,,9.10632734376123,6.876661486816406,2.2922204956054686,,359.3259033203125,18.792137145996094,245.8868408203125,False
463,18.52,0.8893730044364929,127.82290001632646,11,0,11,double,0.0,STOPPED,False,,,,9.10632734376123,6.640820040893554,2.2136066802978513,,359.3259033203125,19.43013572692871,245.84478759765625,False
464,18.56,0.8510737419128418,109.73940003896132,11,0,11,double,0.0,STOPPED,False,,,,9.10632734376123,4.9672619934082025,1.6557539978027342,,359.514501953125,22.089618682861328,246.47714233398438,False
465,18.6,0.8825665712356567,127.42079998133704,11,0,11,double,0.0,STOPPED,False,,,,9.10632734376123,4.87998369140625,1.62666123046875,,359.514501953125,26.854093551635742,246.35513305664062,False
466,18.64,0.8743371367454529,113.75899997074157,11,0,11,double,0.0,STOPPED,False,,,,9.10632734376123,4.792705389404297,1.5975684631347655,,359.514501953125,26.54735565185547,246.75271606445312,False
467,18.68,0.8757749199867249,121.15280004218221,11,0,11,double,0.0,STOPPED,False,,,,9.10632734376123,5.7694622497558585,1.923154083251953,,359.514501953125,26.819244384765625,247.19497680664062,False
468,18.72,0.8799237608909607,108.96829998819157,11,0,11,single,0.0,STOPPED,False,,,,9.10632734376123,5.360489428710937,1.7868298095703123,,359.514501953125,26.05801773071289,247.18222045898438,False
469,18.76,0.8698962330818176,128.26109997695312,11,0,11,single,0.0,STOPPED,False,,,,9.10632734376123,4.700269116210937,1.5667563720703124,,359.514501953125,25.916353225708008,247.2506561279297,False
470,18.8,0.8643287420272827,126.31770002190024,11,0,11,single,0.0,STOPPED,False,,,,9.10632734376123,5.1253945312499996,1.7084648437499999,,359.514501953125,25.62450408935547,247.33909606933594,False
471,18.84,0.8519353866577148,118.91349998768419,11,0,11,single,0.0,STOPPED,False,,,,9.10632734376123,4.8099438720703125,1.6033146240234375,,359.514501953125,24.32914924621582,247.2637939453125,False
472,18.88,0.8712731599807739,120.4882999882102,11,0,11,single,0.0,STOPPED,False,,,,9.10632734376123,4.662263012695313,1.5540876708984375,,359.514501953125,24.772756576538086,247.36265563964844,False
473,18.92,0.8545306324958801,111.27330001909286,11,0,11,single,0.0,STOPPED,False,,,,9.10632734376123,4.8099438720703125,1.6033146240234375,,359.514501953125,26.41037368774414,247.33071899414062,False
474,18.96,0.855421781539917,145.7765999948606,11,0,11,single,0.0,STOPPED,False,,,,9.10632734376123,5.132181335449219,1.7107271118164062,,359.514501953125,27.025699615478516,246.9296875,False
475,19.0,0.8605462312698364,121.8786999816075,11,0,11,single,0.0,STOPPED,False,,,,9.10632734376123,5.132181335449219,1.7107271118164062,,359.514501953125,26.37914276123047,246.6797637939453,True
476,19.04,0.8468913435935974,189.4058000179939,11,0,11,single,0.0,STOPPED,False,,,,9.10632734376123,5.132181335449219,1.7107271118164062,,359.514501953125,26.482135772705078,246.4303741455078,True
