frame_idx,timestamp,best_conf,infer_ms,jump_count,single_count,double_count,jump_type,spm,state,peak_detected,peak_accepted,cycle_dt,amp,best_high_y,peak_y
0,0.0,0.8919734954833984,45.56469997623935,0,0,0,unknown,0.0,IDLE,False,False,,0.0,,
1,0.04,0.8994433879852295,87.49229996465147,0,0,0,unknown,0.0,IDLE,False,False,,0.0,,
2,0.08,0.8846190571784973,98.94090000307187,0,0,0,unknown,0.0,IDLE,False,False,,0.0,,
3,0.12,0.906267523765564,85.14209999702871,0,0,0,unknown,0.0,IDLE,False,False,,0.0,,
4,0.16,0.9108693599700928,95.40350001771003,0,0,0,double,0.0,IDLE,False,False,,0.0,,
5,0.2,0.9107930660247803,88.86110002640635,0,0,0,double,0.0,IDLE,False,False,,0.0,,
6,0.24,0.900922417640686,65.31969999196008,1,0,1,double,0.0,JUMPING,True,True,,7.217803955078125,416.65113830566406,423.8689422607422
7,0.28,0.7161139249801636,81.8299999809824,1,0,1,double,0.0,JUMPING,False,False,,0.0,,
8,0.32,0.5818795561790466,75.26660000439733,1,0,1,double,0.0,JUMPING,False,False,,0.0,,
9,0.36,0.8796975016593933,63.23000002885237,1,0,1,double,0.0,JUMPING,False,False,,0.0,,
10,0.4,0.9153321981430054,69.24549996620044,1,0,1,double,0.0,JUMPING,False,False,,0.0,,
11,0.44,0.9124318957328796,85.42949997354299,1,0,1,double,0.0,JUMPING,False,False,,0.0,,
12,0.48,0.9176694750785828,137.53659999929368,1,0,1,double,0.0,JUMPING,False,False,,0.0,,
13,0.52,0.8988295197486877,94.6251000277698,1,0,1,double,0.0,JUMPING,False,False,,0.0,,
14,0.56,0.8772270083427429,96.31969995098189,1,0,1,double,0.0,JUMPING,False,False,,0.0,,
15,0.6,0.8927930593490601,111.27629998372868,1,0,1,double,0.0,JUMPING,False,False,,0.0,,
16,0.64,0.8842443227767944,74.00070002768189,1,0,1,double,0.0,JUMPING,False,False,,0.0,,
17,0.68,0.7786831855773926,73.92519997665659,1,0,1,double,0.0,JUMPING,False,False,,0.0,,
18,0.72,0.7835777997970581,79.6762999962084,1,0,1,double,0.0,JUMPING,False,False,,0.0,,
19,0.76,0.8986921310424805,88.77620002022013,1,0,1,double,0.0,JUMPING,False,False,,0.0,,
20,0.8,0.8894721269607544,100.99249996710569,1,0,1,double,0.0,JUMPING,False,False,,0.0,,
21,0.84,0.45295649766921997,85.79240000108257,1,0,1,double,0.0,JUMPING,False,False,,0.0,,
22,0.88,0.8006974458694458,68.25309997657314,1,0,1,double,0.0,JUMPING,False,False,,0.0,,
23,0.92,0.8267228603363037,62.2707000002265,1,0,1,double,0.0,JUMPING,False,False,,0.0,,
24,0.96,0.9021448493003845,82.31330005219206,1,0,1,double,0.0,JUMPING,False,False,,0.0,,
25,1.0,0.8834829926490784,69.20779997017235,1,0,1,double,0.0,JUMPING,False,False,,0.0,,
26,1.04,0.9109245538711548,53.05789998965338,1,0,1,double,0.0,JUMPING,False,False,,0.0,,
27,1.08,0.9205098748207092,64.26140002440661,1,0,1,double,0.0,JUMPING,False,False,,0.0,,
28,1.12,0.9196267127990723,68.9396999659948,1,0,1,double,0.0,JUMPING,False,False,,0.0,,
29,1.16,0.9059432148933411,63.51960002211854,1,0,1,double,0.0,JUMPING,False,False,,0.0,,
30,1.2,0.9025558233261108,68.79470002604648,1,0,1,double,0.0,JUMPING,False,False,,0.0,,
31,1.24,0.9020799398422241,71.62499998230487,1,0,1,double,0.0,JUMPING,False,False,,0.0,,
32,1.28,0.8633243441581726,86.11859998200089,1,0,1,double,0.0,JUMPING,False,False,,0.0,,
33,1.32,0.9014313817024231,57.36080004135147,1,0,1,double,0.0,JUMPING,False,False,,0.0,,
34,1.36,0.9030283689498901,53.908900008536875,1,0,1,double,0.0,JUMPING,False,False,,0.0,,
35,1.4,0.9002861380577087,66.16400001803413,1,0,1,double,0.0,JUMPING,False,False,,0.0,,
36,1.44,0.370879203081131,54.29749999893829,1,0,1,double,0.0,JUMPING,False,False,,0.0,,
37,1.48,0.8755849599838257,55.656100041233,1,0,1,double,0.0,JUMPING,False,False,,0.0,,
38,1.52,0.8745502829551697,53.910399961750954,1,0,1,double,0.0,JUMPING,False,False,,0.0,,
39,1.56,0.9111382365226746,81.52890001656488,1,0,1,double,0.0,JUMPING,False,False,,0.0,,
40,1.6,0.9007624387741089,74.42079996690154,1,0,1,double,0.0,JUMPING,False,False,,0.0,,
41,1.64,0.9016377925872803,54.56780001986772,1,0,1,double,0.0,JUMPING,False,False,,0.0,,
42,1.68,0.9096239805221558,54.460300016216934,1,0,1,double,0.0,JUMPING,False,False,,0.0,,
43,1.72,0.8957094550132751,64.41930000437424,1,0,1,double,0.0,JUMPING,False,False,,0.0,,
44,1.76,0.877303421497345,81.92080003209412,1,0,1,double,0.0,JUMPING,False,False,,0.0,,
45,1.8,0.8546859622001648,79.51930002309382,1,0,1,double,0.0,JUMPING,False,False,,0.0,,
46,1.84,0.7872735857963562,90.86280001793057,1,0,1,double,0.0,JUMPING,False,False,,0.0,,
47,1.88,0.7955613136291504,72.21939996816218,1,0,1,double,0.0,STOPPED,False,False,,0.0,,
48,1.92,0.8045487403869629,67.6437999936752,1,0,1,double,0.0,STOPPED,False,False,,0.0,,
49,1.96,0.7510693073272705,79.79540002997965,2,0,2,double,34.883722767693314,JUMPING,True,True,1.72,29.5379638671875,385.8314514160156,415.3694152832031
50,2.0,0.8114384412765503,73.41979996999726,2,0,2,double,0.0,JUMPING,False,False,,0.0,,
51,2.04,0.8454498648643494,72.69679999444634,2,0,2,double,0.0,JUMPING,False,False,,0.0,,
52,2.08,0.7017398476600647,76.88779995078221,2,0,2,double,0.0,JUMPING,False,False,,0.0,,
53,2.12,0.8540705442428589,83.07629998307675,2,0,2,double,0.0,JUMPING,False,False,,0.0,,
54,2.16,0.9246779680252075,69.2397000384517,2,0,2,double,0.0,JUMPING,False,False,,0.0,,
55,2.2,0.9127039909362793,71.30209996830672,2,0,2,double,0.0,JUMPING,False,False,,0.0,,
56,2.24,0.8841434717178345,70.5725000007078,2,0,2,double,0.0,JUMPING,False,False,,0.0,,
57,2.28,0.9020024538040161,57.329899980686605,2,0,2,double,0.0,JUMPING,False,False,,0.0,,
58,2.32,0.9106111526489258,39.778799982741475,2,0,2,double,0.0,JUMPING,False,False,,0.0,,
59,2.36,0.9079908132553101,102.2091000340879,2,0,2,double,0.0,JUMPING,False,False,,0.0,,
60,2.4,0.8591468334197998,39.32609996991232,2,0,2,double,0.0,JUMPING,False,False,,0.0,,
61,2.44,0.8730828166007996,64.71860001329333,2,0,2,double,0.0,JUMPING,False,False,,0.0,,
62,2.48,0.8839709162712097,57.657099969219416,2,0,2,double,0.0,JUMPING,False,False,,0.0,,
63,2.52,0.6142035722732544,57.764999975916,2,0,2,double,0.0,JUMPING,False,False,,0.0,,
64,2.56,0.9131036996841431,79.46559996344149,2,0,2,double,0.0,JUMPING,False,False,,0.0,,
65,2.6,0.9107057452201843,53.65509999683127,2,0,2,double,0.0,JUMPING,False,False,,0.0,,
66,2.64,0.8890264630317688,53.785900003276765,2,0,2,double,0.0,JUMPING,False,False,,0.0,,
67,2.68,0.5816025733947754,45.530400006100535,2,0,2,double,0.0,JUMPING,False,False,,0.0,,
68,2.72,0.9133491516113281,76.21430000290275,2,0,2,double,0.0,JUMPING,False,False,,0.0,,
69,2.76,0.908748209476471,80.8619000017643,2,0,2,double,0.0,JUMPING,False,False,,0.0,,
70,2.8,0.8998589515686035,64.74780000280589,2,0,2,double,0.0,JUMPING,False,False,,0.0,,
71,2.84,0.4008162319660187,47.90349997347221,2,0,2,double,0.0,JUMPING,False,False,,0.0,,
72,2.88,0.9075055122375488,92.35920000355691,2,0,2,double,0.0,JUMPING,False,False,,0.0,,
73,2.92,0.889473557472229,68.88719997368753,2,0,2,double,0.0,JUMPING,False,False,,0.0,,
74,2.96,0.9038589000701904,77.9144000262022,2,0,2,double,0.0,JUMPING,False,False,,0.0,,
75,3.0,0.8446227312088013,75.01349999802187,2,0,2,double,0.0,JUMPING,False,False,,0.0,,
76,3.04,0.8503587245941162,93.7188999960199,3,0,3,double,42.85714358699566,JUMPING,True,True,1.08,35.19007873535156,381.3841247558594,416.57420349121094
77,3.08,0.8468576669692993,77.54550001118332,3,0,3,double,0.0,JUMPING,False,False,,0.0,,
78,3.12,0.8598158955574036,101.04340000543743,3,0,3,double,0.0,JUMPING,False,False,,0.0,,
79,3.16,0.8914885520935059,86.5763999754563,3,0,3,double,0.0,JUMPING,False,False,,0.0,,
80,3.2,0.9098359942436218,61.65799999143928,3,0,3,double,0.0,JUMPING,False,False,,0.0,,
81,3.24,0.9194111227989197,74.33050003601238,3,0,3,double,0.0,JUMPING,False,False,,0.0,,
82,3.28,0.9101071357727051,56.03739997604862,3,0,3,double,0.0,JUMPING,False,False,,0.0,,
83,3.32,0.914874255657196,48.54350001551211,3,0,3,double,0.0,JUMPING,False,False,,0.0,,
84,3.36,0.9006500244140625,87.16860000276938,3,0,3,double,0.0,JUMPING,False,False,,0.0,,
85,3.4,0.8868615031242371,53.69790003169328,3,0,3,double,0.0,JUMPING,False,False,,0.0,,
86,3.44,0.8755354285240173,68.89070000033826,3,0,3,double,0.0,JUMPING,False,False,,0.0,,
87,3.48,0.8702335953712463,61.365900037344545,3,0,3,double,0.0,JUMPING,False,False,,0.0,,
88,3.52,0.8814946413040161,71.2566000293009,3,0,3,double,0.0,JUMPING,False,False,,0.0,,
89,3.56,0.8772943019866943,73.7068000016734,3,0,3,double,0.0,JUMPING,False,False,,0.0,,
90,3.6,0.8799892067909241,58.04350000107661,3,0,3,double,0.0,JUMPING,False,False,,0.0,,
91,3.64,0.8794799447059631,58.06700000539422,3,0,3,double,0.0,JUMPING,False,False,,0.0,,
92,3.68,0.8798108100891113,55.191799998283386,3,0,3,double,0.0,JUMPING,False,False,,0.0,,
93,3.72,0.9094038605690002,45.45409994898364,3,0,3,double,0.0,JUMPING,False,False,,0.0,,
94,3.76,0.9296455383300781,66.34429999394342,3,0,3,double,0.0,JUMPING,False,False,,0.0,,
95,3.8,0.9320918321609497,43.183800007682294,3,0,3,double,0.0,JUMPING,False,False,,0.0,,
96,3.84,0.9069535732269287,53.29970002640039,3,0,3,double,0.0,JUMPING,False,False,,0.0,,
97,3.88,0.9029093980789185,39.378599962219596,3,0,3,double,0.0,JUMPING,False,False,,0.0,,
98,3.92,0.9111943244934082,53.841999964788556,3,0,3,double,0.0,JUMPING,False,False,,0.0,,
99,3.96,0.9182509779930115,51.04079999728128,3,0,3,double,0.0,JUMPING,False,False,,0.0,,
100,4.0,0.8942567110061646,61.63040001410991,3,0,3,double,0.0,JUMPING,False,False,,0.0,,
101,4.04,0.897881269454956,80.00340004218742,3,0,3,double,0.0,JUMPING,False,False,,0.0,,
102,4.08,0.8946427702903748,92.4273999989964,3,0,3,double,0.0,JUMPING,False,False,,0.0,,
103,4.12,0.8517451882362366,89.4442000426352,3,0,3,double,0.0,JUMPING,False,False,,0.0,,
104,4.16,0.8689262270927429,53.08310000691563,4,0,4,double,45.918369246045614,JUMPING,True,True,1.12,36.9893798828125,383.7661895751953,420.7555694580078
105,4.2,0.9050764441490173,54.23710000468418,4,0,4,double,0.0,JUMPING,False,False,,0.0,,
106,4.24,0.8930957317352295,46.194299997296184,4,0,4,double,0.0,JUMPING,False,False,,0.0,,
107,4.28,0.8948863744735718,82.94309995835647,4,0,4,double,0.0,JUMPING,False,False,,0.0,,
108,4.32,0.902681827545166,66.85320002725348,4,0,4,double,0.0,JUMPING,False,False,,0.0,,
109,4.36,0.9121677279472351,89.69550003530458,4,0,4,double,0.0,JUMPING,False,False,,0.0,,
110,4.4,0.9143639206886292,69.41180001012981,4,0,4,double,0.0,JUMPING,False,False,,0.0,,
111,4.44,0.8933415412902832,65.41869998909533,4,0,4,double,0.0,JUMPING,False,False,,0.0,,
112,4.48,0.9099042415618896,87.01170003041625,4,0,4,double,0.0,JUMPING,False,False,,0.0,,
113,4.52,0.9099534153938293,83.01609999034554,4,0,4,double,0.0,JUMPING,False,False,,0.0,,
114,4.56,0.9074136018753052,67.57820001803339,4,0,4,double,0.0,JUMPING,False,False,,0.0,,
115,4.6,0.8920580148696899,56.15439999382943,4,0,4,double,0.0,JUMPING,False,False,,0.0,,
116,4.64,0.8670278787612915,55.831999983638525,4,0,4,double,0.0,JUMPING,False,False,,0.0,,
117,4.68,0.7393231987953186,52.51269997097552,4,0,4,double,0.0,JUMPING,False,False,,0.0,,
118,4.72,0.8625583648681641,58.287099993322045,4,0,4,double,0.0,JUMPING,False,False,,0.0,,
119,4.76,0.8630800843238831,44.90470001474023,4,0,4,double,0.0,JUMPING,False,False,,0.0,,
120,4.8,0.8879565596580505,79.12340003531426,4,0,4,double,0.0,JUMPING,False,False,,0.0,,
121,4.84,0.9025149941444397,53.14520001411438,4,0,4,double,0.0,JUMPING,False,False,,0.0,,
122,4.88,0.908449113368988,64.68750000931323,4,0,4,double,0.0,JUMPING,False,False,,0.0,,
123,4.92,0.908301591873169,76.98579999851063,4,0,4,double,0.0,JUMPING,False,False,,0.0,,
124,4.96,0.9022026062011719,52.310200000647455,4,0,4,double,0.0,JUMPING,False,False,,0.0,,
125,5.0,0.9016020894050598,45.9499999997206,4,0,4,double,0.0,JUMPING,False,False,,0.0,,
126,5.04,0.9125868082046509,46.727499982807785,4,0,4,double,0.0,JUMPING,False,False,,0.0,,
127,5.08,0.9134255051612854,45.04699999233708,4,0,4,double,0.0,JUMPING,False,False,,0.0,,
128,5.12,0.8960867524147034,42.27920004632324,4,0,4,double,0.0,JUMPING,False,False,,0.0,,
129,5.16,0.867239236831665,54.20309997862205,4,0,4,double,0.0,JUMPING,False,False,,0.0,,
130,5.2,0.7895007133483887,58.62249998608604,4,0,4,double,0.0,JUMPING,False,False,,0.0,,
131,5.24,0.8178813457489014,57.889899995643646,4,0,4,double,0.0,JUMPING,False,False,,0.0,,
132,5.28,0.8961684107780457,62.65310000162572,4,0,4,double,0.0,JUMPING,False,False,,0.0,,
133,5.32,0.8822707533836365,78.48249998642132,4,0,4,double,0.0,JUMPING,False,False,,0.0,,
134,5.36,0.732384979724884,90.59249999700114,4,0,4,double,0.0,JUMPING,False,False,,0.0,,
135,5.4,0.9178506731987,101.44719999516383,4,0,4,double,0.0,JUMPING,False,False,,0.0,,
136,5.44,0.9135644435882568,71.66159996995702,4,0,4,double,0.0,JUMPING,False,False,,0.0,,
137,5.48,0.9134045243263245,66.58679997781292,4,0,4,double,0.0,JUMPING,False,False,,0.0,,
138,5.52,0.9038077592849731,78.87989998562261,4,0,4,double,0.0,JUMPING,False,False,,0.0,,
139,5.56,0.9150621891021729,80.28809999814257,4,0,4,double,0.0,JUMPING,False,False,,0.0,,
140,5.6,0.9042972922325134,66.93789997370914,4,0,4,double,0.0,JUMPING,False,False,,0.0,,
141,5.64,0.890565812587738,84.80470004724339,4,0,4,double,0.0,JUMPING,False,False,,0.0,,
142,5.68,0.8686005473136902,79.12650000071153,4,0,4,double,0.0,JUMPING,False,False,,0.0,,
143,5.72,0.8678564429283142,69.39650001004338,4,0,4,double,0.0,JUMPING,False,False,,0.0,,
144,5.76,0.8752553462982178,63.357000006362796,4,0,4,double,0.0,JUMPING,False,False,,0.0,,
145,5.8,0.8688393831253052,83.48420000402257,4,0,4,double,0.0,STOPPED,False,False,,0.0,,
146,5.84,0.8659589290618896,85.24909999687225,4,0,4,double,0.0,STOPPED,False,False,,0.0,,
147,5.88,0.8826102018356323,69.80820000171661,4,0,4,double,0.0,STOPPED,False,False,,0.0,,
148,5.92,0.9038814306259155,57.44000000413507,4,0,4,double,0.0,STOPPED,False,False,,0.0,,
149,5.96,0.9039807915687561,54.77589997462928,4,0,4,double,0.0,STOPPED,False,False,,0.0,,
150,6.0,0.9160659909248352,53.965099970810115,4,0,4,double,0.0,STOPPED,False,False,,0.0,,
151,6.04,0.9078477621078491,55.4641000344418,4,0,4,double,0.0,STOPPED,False,False,,0.0,,
152,6.08,0.9280945658683777,37.95000002719462,4,0,4,double,0.0,STOPPED,False,False,,0.0,,
153,6.12,0.9125202894210815,40.650100039783865,4,0,4,double,0.0,STOPPED,False,False,,0.0,,
154,6.16,0.884939968585968,60.91360002756119,4,0,4,double,0.0,STOPPED,False,False,,0.0,,
155,6.2,0.8861743807792664,69.91600000765175,4,0,4,double,0.0,STOPPED,False,False,,0.0,,
156,6.24,0.8765460848808289,60.76680001569912,4,0,4,double,0.0,STOPPED,False,False,,0.0,,
157,6.28,0.8623437285423279,58.84499999228865,4,0,4,double,0.0,STOPPED,False,False,,0.0,,
158,6.32,0.8715782165527344,55.78100000275299,4,0,4,double,0.0,STOPPED,False,False,,0.0,,
159,6.36,0.8917689919471741,42.12170001119375,4,0,4,double,0.0,STOPPED,True,False,2.2,0.0,,416.7635803222656
160,6.4,0.906579315662384,42.89939999580383,4,0,4,double,0.0,STOPPED,False,False,,0.0,,
161,6.44,0.9076482057571411,40.35020002629608,4,0,4,double,0.0,STOPPED,False,False,,0.0,,
162,6.48,0.9152761697769165,51.7470000195317,4,0,4,double,0.0,STOPPED,False,False,,0.0,,
163,6.52,0.9120002388954163,57.396499963942915,4,0,4,double,0.0,STOPPED,False,False,,0.0,,
164,6.56,0.9165821075439453,84.74140003090724,4,0,4,double,0.0,STOPPED,False,False,,0.0,,
165,6.6,0.9039673805236816,76.59780001267791,4,0,4,double,0.0,STOPPED,False,False,,0.0,,
166,6.64,0.9087316989898682,85.61259997077286,4,0,4,double,0.0,STOPPED,False,False,,0.0,,
167,6.68,0.9039925336837769,73.04389995988458,4,0,4,double,0.0,STOPPED,False,False,,0.0,,
168,6.72,0.9147032499313354,65.07469998905435,4,0,4,double,0.0,STOPPED,False,False,,0.0,,
169,6.76,0.903849720954895,67.55949999205768,4,0,4,double,0.0,STOPPED,False,False,,0.0,,
170,6.8,0.9057618379592896,78.28190003056079,4,0,4,double,0.0,STOPPED,False,False,,0.0,,
171,6.84,0.8969748616218567,73.48630001069978,4,0,4,double,0.0,STOPPED,False,False,,0.0,,
172,6.88,0.8748416304588318,51.018300000578165,4,0,4,double,0.0,STOPPED,False,False,,0.0,,
173,6.92,0.8749629259109497,71.7655000044033,4,0,4,double,0.0,STOPPED,False,False,,0.0,,
174,6.96,0.8591612577438354,62.383699987549335,5,0,5,double,35.71428429512756,JUMPING,True,True,0.5999999999999996,26.455917358398438,385.0305938720703,411.48651123046875
175,7.0,0.8905525207519531,77.38899998366833,5,0,5,double,0.0,JUMPING,False,False,,0.0,,
176,7.04,0.9047756791114807,87.47329999459907,5,0,5,double,0.0,JUMPING,False,False,,0.0,,
177,7.08,0.9122549295425415,71.52389996917918,5,0,5,double,0.0,JUMPING,False,False,,0.0,,
178,7.12,0.9104028940200806,49.52719999710098,5,0,5,double,0.0,JUMPING,False,False,,0.0,,
179,7.16,0.9093198776245117,59.39559999387711,5,0,5,double,0.0,JUMPING,False,False,,0.0,,
180,7.2,0.9052070379257202,56.559299991931766,5,0,5,double,0.0,JUMPING,False,False,,0.0,,
181,7.24,0.8910386562347412,69.67529997928068,5,0,5,double,0.0,JUMPING,False,False,,0.0,,
182,7.28,0.9124599099159241,55.91110000386834,5,0,5,double,0.0,JUMPING,False,False,,0.0,,
183,7.32,0.8955928087234497,48.22039999999106,5,0,5,double,0.0,JUMPING,False,False,,0.0,,
184,7.36,0.8875528573989868,47.02200001338497,5,0,5,double,0.0,JUMPING,False,False,,0.0,,
185,7.4,0.8839429616928101,66.29930000053719,5,0,5,double,0.0,JUMPING,False,False,,0.0,,
186,7.44,0.8954172730445862,80.19609999610111,5,0,5,double,0.0,JUMPING,False,False,,0.0,,
187,7.48,0.8761163949966431,87.83810003660619,5,0,5,double,0.0,JUMPING,False,False,,0.0,,
188,7.52,0.9007302522659302,52.591699990443885,5,0,5,double,0.0,JUMPING,False,False,,0.0,,
189,7.56,0.918032169342041,60.93789997976273,5,0,5,double,0.0,JUMPING,False,False,,0.0,,
190,7.6,0.9149826765060425,53.41799999587238,5,0,5,double,0.0,JUMPING,False,False,,0.0,,
191,7.64,0.9133616089820862,58.31160000525415,5,0,5,double,0.0,JUMPING,False,False,,0.0,,
192,7.68,0.9035427570343018,54.65760000515729,5,0,5,double,0.0,JUMPING,False,False,,0.0,,
193,7.72,0.9036321640014648,50.28000002494082,5,0,5,double,0.0,JUMPING,False,False,,0.0,,
194,7.76,0.9083787798881531,77.83500000368804,5,0,5,double,0.0,JUMPING,False,False,,0.0,,
195,7.8,0.9110807776451111,96.84469999046996,5,0,5,double,0.0,JUMPING,False,False,,0.0,,
196,7.84,0.8856347799301147,85.10160003788769,5,0,5,double,0.0,JUMPING,False,False,,0.0,,
197,7.88,0.9157497882843018,88.51719996891916,5,0,5,double,0.0,JUMPING,False,False,,0.0,,
198,7.92,0.8748388886451721,69.277000031434,5,0,5,double,0.0,JUMPING,False,False,,0.0,,
199,7.96,0.7998993992805481,78.66100000683218,5,0,5,double,0.0,JUMPING,False,False,,0.0,,
200,8.0,0.6044551134109497,86.6012999904342,5,0,5,double,0.0,JUMPING,False,False,,0.0,,
201,8.04,0.840463399887085,65.73610001942143,5,0,5,double,0.0,JUMPING,False,False,,0.0,,
202,8.08,0.9042505025863647,72.62420002371073,5,0,5,double,0.0,JUMPING,False,False,,0.0,,
203,8.12,0.9063825607299805,53.068200009875,5,0,5,double,0.0,JUMPING,False,False,,0.0,,
204,8.16,0.9114624261856079,69.64120001066476,5,0,5,double,0.0,JUMPING,False,False,,0.0,,
205,8.2,0.9190809726715088,60.890300024766475,5,0,5,double,0.0,JUMPING,False,False,,0.0,,
206,8.24,0.9122929573059082,91.80080000078306,5,0,5,double,0.0,JUMPING,False,False,,0.0,,
207,8.28,0.9199832677841187,90.55770002305508,5,0,5,double,0.0,JUMPING,False,False,,0.0,,
208,8.32,0.9132541418075562,87.37789996666834,5,0,5,double,0.0,JUMPING,False,False,,0.0,,
209,8.36,0.9113876223564148,56.76730000413954,5,0,5,double,0.0,JUMPING,False,False,,0.0,,
210,8.4,0.9075349569320679,58.15129994880408,5,0,5,double,0.0,JUMPING,False,False,,0.0,,
211,8.44,0.8833327293395996,62.348100007511675,5,0,5,double,0.0,JUMPING,False,False,,0.0,,
212,8.48,0.8536946773529053,74.98009997652844,5,0,5,double,0.0,JUMPING,False,False,,0.0,,
213,8.52,0.7141221165657043,40.987999993376434,5,0,5,double,0.0,JUMPING,False,False,,0.0,,
214,8.56,0.8231555223464966,40.365600027143955,5,0,5,double,0.0,STOPPED,False,False,,0.0,,
215,8.6,0.7896759510040283,56.799600017257035,5,0,5,double,0.0,STOPPED,False,False,,0.0,,
216,8.64,0.8975525498390198,67.65939999604598,5,0,5,double,0.0,STOPPED,False,False,,0.0,,
217,8.68,0.8787020444869995,43.28049998730421,5,0,5,double,0.0,STOPPED,False,False,,0.0,,
218,8.72,0.9041715264320374,42.95319999800995,5,0,5,double,0.0,STOPPED,False,False,,0.0,,
219,8.76,0.9224240779876709,39.01519998908043,5,0,5,double,0.0,STOPPED,False,False,,0.0,,
220,8.8,0.904365599155426,53.61909995554015,5,0,5,double,0.0,STOPPED,False,False,,0.0,,
221,8.84,0.9069433808326721,68.42799996957183,5,0,5,double,0.0,STOPPED,False,False,,0.0,,
222,8.88,0.8947524428367615,70.03549998626113,5,0,5,double,0.0,STOPPED,False,False,,0.0,,
223,8.92,0.9064714312553406,83.02869996987283,5,0,5,double,0.0,STOPPED,False,False,,0.0,,
224,8.96,0.8946530222892761,79.07220005290583,5,0,5,double,0.0,STOPPED,False,False,,0.0,,
225,9.0,0.892823338508606,71.13830000162125,5,0,5,double,0.0,STOPPED,False,False,,0.0,,
226,9.04,0.8925135731697083,55.147400009445846,5,0,5,double,0.0,STOPPED,False,False,,0.0,,
227,9.08,0.8950464129447937,52.57459997665137,5,0,5,double,0.0,STOPPED,False,False,,0.0,,
228,9.12,0.8604271411895752,133.5440999828279,5,0,5,double,0.0,STOPPED,False,False,,0.0,,
229,9.16,0.8629948496818542,144.71770002273843,5,0,5,double,0.0,STOPPED,False,False,,0.0,,
230,9.2,0.9120643138885498,122.37569998251274,5,0,5,double,0.0,STOPPED,False,False,,0.0,,
231,9.24,0.90973299741745,106.46189999533817,5,0,5,double,0.0,STOPPED,False,False,,0.0,,
232,9.28,0.9268997311592102,108.97179995663464,5,0,5,double,0.0,STOPPED,False,False,,0.0,,
233,9.32,0.9254927039146423,57.806900003924966,5,0,5,double,0.0,STOPPED,False,False,,0.0,,
234,9.36,0.9219549894332886,61.0910999821499,5,0,5,double,0.0,STOPPED,False,False,,0.0,,
235,9.4,0.8905941843986511,60.06300001172349,5,0,5,double,0.0,STOPPED,False,False,,0.0,,
236,9.44,0.9112398624420166,69.62949997978285,5,0,5,double,0.0,STOPPED,False,False,,0.0,,
237,9.48,0.9030770063400269,49.907200038433075,5,0,5,double,0.0,STOPPED,False,False,,0.0,,
238,9.52,0.9043924808502197,72.78379995841533,5,0,5,double,0.0,STOPPED,False,False,,0.0,,
239,9.56,0.9075993299484253,75.93150000320747,5,0,5,double,0.0,STOPPED,False,False,,0.0,,
240,9.6,0.8612432479858398,54.87559997709468,5,0,5,double,0.0,STOPPED,False,False,,0.0,,
241,9.64,0.7651090025901794,65.4213999514468,5,0,5,double,0.0,STOPPED,True,False,2.6799999999999997,0.0,,417.9119873046875
242,9.68,0.8936651945114136,55.766599951311946,5,0,5,double,0.0,STOPPED,False,False,,0.0,,
243,9.72,0.9020681381225586,60.32170000253245,5,0,5,double,0.0,STOPPED,False,False,,0.0,,
244,9.76,0.9104079604148865,53.15819999668747,5,0,5,double,0.0,STOPPED,False,False,,0.0,,
245,9.8,0.90850830078125,46.43469996517524,5,0,5,double,0.0,STOPPED,False,False,,0.0,,
246,9.84,0.9227489233016968,56.98549997759983,5,0,5,double,0.0,STOPPED,False,False,,0.0,,
247,9.88,0.9193160533905029,69.61150001734495,5,0,5,double,0.0,STOPPED,False,False,,0.0,,
248,9.92,0.9310010075569153,61.58899998990819,5,0,5,double,0.0,STOPPED,False,False,,0.0,,
249,9.96,0.8914667963981628,135.66420000279322,5,0,5,double,0.0,STOPPED,False,False,,0.0,,
250,10.0,0.9116343259811401,391.75849995808676,5,0,5,double,0.0,STOPPED,False,False,,0.0,,
251,10.04,0.9105912446975708,316.33649999275804,5,0,5,double,0.0,STOPPED,False,False,,0.0,,
252,10.08,0.9002365469932556,146.7294999747537,5,0,5,double,0.0,STOPPED,False,False,,0.0,,
253,10.12,0.9000909328460693,152.4772000266239,5,0,5,double,0.0,STOPPED,False,False,,0.0,,
254,10.16,0.884343683719635,124.02799999108538,5,0,5,double,0.0,STOPPED,False,False,,0.0,,
255,10.2,0.8867776393890381,159.64059997349977,5,0,5,double,0.0,STOPPED,False,False,,0.0,,
256,10.24,0.8303883075714111,97.79490000801161,5,0,5,double,0.0,STOPPED,False,False,,0.0,,
257,10.28,0.8458376526832581,61.93500000517815,5,0,5,double,0.0,STOPPED,False,False,,0.0,,
258,10.32,0.8511053323745728,64.21789998421445,5,0,5,double,0.0,STOPPED,False,False,,0.0,,
259,10.36,0.8851685523986816,48.390000010840595,5,0,5,double,0.0,STOPPED,False,False,,0.0,,
260,10.4,0.9135254621505737,52.26189998211339,5,0,5,double,0.0,STOPPED,False,False,,0.0,,
261,10.44,0.9041762351989746,62.39650002680719,5,0,5,double,0.0,STOPPED,False,False,,0.0,,
262,10.48,0.4224536716938019,47.93319996679202,5,0,5,double,0.0,STOPPED,False,False,,0.0,,
263,10.52,0.89406418800354,61.510799976531416,5,0,5,double,0.0,STOPPED,False,False,,0.0,,
264,10.56,0.9066570997238159,68.73319996520877,5,0,5,double,0.0,STOPPED,False,False,,0.0,,
265,10.6,0.8860175013542175,84.81339999707416,5,0,5,double,0.0,STOPPED,False,False,,0.0,,
266,10.64,0.8819549083709717,101.68069996871054,5,0,5,double,0.0,STOPPED,False,False,,0.0,,
267,10.68,0.8993440866470337,99.31580000557005,5,0,5,double,0.0,STOPPED,False,False,,0.0,,
268,10.72,0.8727853298187256,49.868499976582825,6,0,6,double,28.625951541428297,JUMPING,True,True,1.08,38.76649475097656,381.72935485839844,420.495849609375
269,10.76,0.8841131925582886,43.21220004931092,6,0,6,double,0.0,JUMPING,False,False,,0.0,,
270,10.8,0.8890085816383362,36.27370001049712,6,0,6,double,0.0,JUMPING,False,False,,0.0,,
271,10.84,0.887259840965271,43.90430002240464,6,0,6,double,0.0,JUMPING,False,False,,0.0,,
272,10.88,0.9078894853591919,42.20099997473881,6,0,6,double,0.0,JUMPING,False,False,,0.0,,
273,10.92,0.9053500890731812,75.87060000514612,6,0,6,double,0.0,JUMPING,False,False,,0.0,,
274,10.96,0.9135803580284119,73.3415000140667,6,0,6,double,0.0,JUMPING,False,False,,0.0,,
275,11.0,0.9162998795509338,56.131400051526725,6,0,6,double,0.0,JUMPING,False,False,,0.0,,
276,11.04,0.9002516269683838,60.58089999714866,6,0,6,double,0.0,JUMPING,False,False,,0.0,,
277,11.08,0.915445864200592,63.48089996026829,6,0,6,double,0.0,JUMPING,False,False,,0.0,,
278,11.12,0.9143630862236023,65.6079999753274,6,0,6,double,0.0,JUMPING,False,False,,0.0,,
279,11.16,0.8853121399879456,57.27839999599382,6,0,6,double,0.0,JUMPING,False,False,,0.0,,
280,11.2,0.9031679630279541,59.15450002066791,6,0,6,double,0.0,JUMPING,False,False,,0.0,,
281,11.24,0.9031171798706055,54.956500011030585,6,0,6,double,0.0,JUMPING,False,False,,0.0,,
282,11.28,0.9035594463348389,57.267800031695515,6,0,6,double,0.0,JUMPING,False,False,,0.0,,
