frame_idx,timestamp,hip_y,head_y,head_move_px,head_drop_event,ankle_distance,is_airborne,jump_count,single_count,double_count,jump_type,freq_hz,spm,state
0,0.0,194.17013549804688,88.77581024169922,0.0,False,17.641870498657227,False,0,0,0,unknown,0.0,0.0,IDLE
1,0.04,198.0528106689453,91.85823822021484,3.2796378135681152,False,20.89630126953125,False,0,0,0,unknown,0.0,0.0,IDLE
2,0.08,201.2763214111328,96.3359375,4.548817157745361,False,23.282848358154297,False,0,0,0,unknown,0.0,0.0,IDLE
3,0.12,204.84092712402344,99.46807861328125,3.282668113708496,False,22.29384422302246,False,0,0,0,unknown,0.0,0.0,IDLE
4,0.16,207.41696166992188,101.19979095458984,1.7701592445373535,False,22.44037628173828,False,0,0,0,single,0.0,0.0,IDLE
5,0.2,207.09176635742188,100.66051483154297,0.5549476146697998,False,23.393157958984375,False,0,0,0,single,0.0,0.0,IDLE
6,0.24,204.8799591064453,97.54061126708984,3.1261703968048096,False,24.781829833984375,False,0,0,0,single,0.0,0.0,IDLE
7,0.28,201.3417205810547,93.39093017578125,4.167374610900879,False,25.491559982299805,False,0,0,0,single,0.0,0.0,IDLE
8,0.32,197.4185333251953,89.695556640625,3.7417991161346436,False,24.350114822387695,True,0,0,0,single,0.0,0.0,IDLE
9,0.36,194.20823669433594,87.34044647216797,2.505326747894287,False,22.76099395751953,True,0,0,0,single,0.0,0.0,IDLE
10,0.4,193.125732421875,86.4795913696289,1.2073975801467896,False,24.79479217529297,True,0,0,0,single,0.0,0.0,IDLE
11,0.44,193.84902954101562,86.80300903320312,1.0880721807479858,False,26.537240982055664,True,0,0,0,single,0.0,0.0,IDLE
12,0.48,195.78369140625,89.5328369140625,2.858084201812744,False,28.231775283813477,True,0,0,0,single,0.0,0.0,IDLE
13,0.52,198.63204956054688,93.3344497680664,3.9158434867858887,False,26.329471588134766,True,0,0,0,single,0.0,0.0,IDLE
14,0.56,202.74200439453125,96.77902221679688,3.5089006423950195,False,24.4317569732666,True,0,0,0,single,0.0,0.0,IDLE
15,0.6,205.35235595703125,98.36083984375,1.605582356452942,False,24.812685012817383,True,0,0,0,single,0.0,0.0,IDLE
16,0.64,205.2671356201172,97.35590362548828,1.0149370431900024,False,25.672819137573242,True,0,0,0,single,0.0,0.0,IDLE
17,0.68,202.9459228515625,94.06646728515625,3.2948801517486572,False,27.079397201538086,True,0,0,0,single,0.0,0.0,IDLE
18,0.72,199.2220458984375,89.69900512695312,4.3682169914245605,False,27.63153648376465,True,0,0,0,single,0.0,0.0,IDLE
19,0.76,195.55816650390625,85.85066986083984,3.8564698696136475,False,25.373109817504883,True,0,0,0,single,0.0,0.0,IDLE
20,0.8,193.42279052734375,83.68417358398438,2.1693570613861084,False,23.0255069732666,True,0,0,0,single,0.0,0.0,IDLE
21,0.84,193.06246948242188,83.21239471435547,0.6083711385726929,False,21.56368637084961,True,0,0,0,single,0.0,0.0,IDLE
22,0.88,194.767822265625,85.18051147460938,1.9933446645736694,False,21.163957595825195,True,0,0,0,single,0.0,0.0,IDLE
23,0.92,198.12950134277344,89.10037994384766,3.9582440853118896,False,21.541349411010742,True,0,0,0,single,0.0,0.0,IDLE
24,0.96,202.43316650390625,93.06024169921875,3.9679369926452637,False,20.031057357788086,True,0,0,0,single,0.0,0.0,IDLE
25,1.0,205.93374633789062,96.29672241210938,3.2463269233703613,False,18.643272399902344,False,1,1,0,single,0.0,0.0,JUMPING
26,1.04,207.7308807373047,97.49382781982422,1.1971073150634766,False,18.90863037109375,False,1,1,0,single,0.0,0.0,JUMPING
27,1.08,206.87081909179688,95.81038665771484,1.6845840215682983,False,20.388751983642578,False,1,1,0,double,0.0,0.0,JUMPING
28,1.12,204.08091735839844,91.791259765625,4.040568828582764,False,22.132341384887695,False,1,1,0,single,0.0,0.0,JUMPING
29,1.16,199.90243530273438,87.4840316772461,4.317805767059326,False,22.806873321533203,False,1,1,0,single,0.0,0.0,JUMPING
30,1.2,196.02304077148438,84.27212524414062,3.2547659873962402,False,22.539432525634766,True,1,1,0,single,0.0,0.0,JUMPING
31,1.24,193.57272338867188,82.74686431884766,1.551438808441162,False,21.86311149597168,True,1,1,0,single,0.0,0.0,JUMPING
32,1.28,193.62026977539062,82.78833770751953,0.48579761385917664,False,22.143444061279297,True,1,1,0,single,0.0,0.0,JUMPING
33,1.32,194.05455017089844,83.1421890258789,0.38323336839675903,False,23.316373825073242,True,1,1,0,single,0.0,0.0,JUMPING
34,1.36,198.18716430664062,87.57132720947266,4.475401878356934,False,23.241209030151367,True,1,1,0,single,0.0,0.0,JUMPING
35,1.4,202.46022033691406,92.1624755859375,4.6453423500061035,False,21.856924057006836,True,1,1,0,single,0.0,0.0,JUMPING
36,1.44,206.0079345703125,95.6748046875,3.5628249645233154,False,20.200759887695312,False,2,2,0,single,2.272726977167089,136.36361863002534,JUMPING
37,1.48,206.86228942871094,96.56432342529297,0.9160195589065552,False,21.239070892333984,False,2,2,0,single,2.272726977167089,136.36361863002534,JUMPING
38,1.52,205.33236694335938,94.62464141845703,1.9537568092346191,False,21.51129150390625,False,2,2,0,single,2.272726977167089,136.36361863002534,JUMPING
39,1.56,201.4609832763672,90.83255767822266,3.81756854057312,False,21.52090835571289,False,2,2,0,single,2.272726977167089,136.36361863002534,JUMPING
40,1.6,196.90419006347656,86.3857192993164,4.513736248016357,False,20.79172134399414,True,2,2,0,single,2.272726977167089,136.36361863002534,JUMPING
41,1.64,193.34271240234375,83.32361602783203,3.1570687294006348,False,19.20600128173828,True,2,2,0,single,2.272726977167089,136.36361863002534,JUMPING
42,1.68,191.60128784179688,81.94340515136719,1.4892717599868774,False,17.518022537231445,True,2,2,0,single,2.272726977167089,136.36361863002534,JUMPING
43,1.72,192.18031311035156,82.06257629394531,0.45455920696258545,False,16.90076446533203,True,2,2,0,double,2.272726977167089,136.36361863002534,JUMPING
44,1.76,195.0115966796875,83.67304229736328,1.6208401918411255,False,18.603971481323242,True,2,2,0,double,2.272726977167089,136.36361863002534,JUMPING
45,1.8,197.998046875,87.25121307373047,3.5781986713409424,False,22.475061416625977,True,2,2,0,double,2.272726977167089,136.36361863002534,JUMPING
46,1.84,201.92718505859375,91.55138397216797,4.300525188446045,False,23.54536247253418,True,2,2,0,double,2.272726977167089,136.36361863002534,JUMPING
47,1.88,204.21771240234375,94.30377197265625,2.7530064582824707,False,22.868133544921875,True,2,2,0,single,2.272726977167089,136.36361863002534,JUMPING
48,1.92,204.3550567626953,94.74945068359375,0.4456799030303955,False,23.097328186035156,False,3,3,0,single,2.1739131448850335,130.434788693102,JUMPING
49,1.96,202.9573974609375,92.33536529541016,2.468277931213379,False,22.660228729248047,False,3,3,0,single,2.1739131448850335,130.434788693102,JUMPING
50,2.0,200.58827209472656,88.13934326171875,4.213165283203125,False,22.76473617553711,False,3,3,0,single,2.1739131448850335,130.434788693102,JUMPING
51,2.04,196.65460205078125,84.57746887207031,3.5879485607147217,False,21.83534812927246,True,3,3,0,single,2.1739131448850335,130.434788693102,JUMPING
52,2.08,193.98495483398438,82.6502914428711,1.958573579788208,False,21.37495231628418,True,3,3,0,single,2.1739131448850335,130.434788693102,JUMPING
53,2.12,192.7039794921875,82.10991668701172,1.002651572227478,False,21.71572494506836,True,3,3,0,single,2.1739131448850335,130.434788693102,JUMPING
54,2.16,193.48814392089844,82.84886932373047,1.0937557220458984,False,23.33053207397461,True,3,3,0,single,2.1739131448850335,130.434788693102,JUMPING
55,2.2,195.78671264648438,85.84542083740234,3.189643383026123,False,25.9719295501709,True,3,3,0,single,2.1739131448850335,130.434788693102,JUMPING
56,2.24,199.63339233398438,90.326904296875,4.5662150382995605,False,26.49062728881836,True,3,3,0,single,2.1739131448850335,130.434788693102,JUMPING
57,2.28,203.98068237304688,94.25655364990234,3.9607653617858887,False,25.660085678100586,False,4,4,0,single,2.343750106956582,140.6250064173949,JUMPING
58,2.32,206.48074340820312,96.07915496826172,1.8350156545639038,False,25.57474136352539,False,4,4,0,single,2.343750106956582,140.6250064173949,JUMPING
59,2.36,204.97579956054688,95.01778411865234,1.0666314363479614,False,26.638065338134766,False,4,4,0,single,2.343750106956582,140.6250064173949,JUMPING
60,2.4,201.42156982421875,91.4886703491211,3.5525853633880615,False,26.344314575195312,False,4,4,0,single,2.343750106956582,140.6250064173949,JUMPING
61,2.44,197.5848388671875,87.42792510986328,4.100887775421143,False,26.64710807800293,True,4,4,0,single,2.343750106956582,140.6250064173949,JUMPING
62,2.48,194.36557006835938,84.12301635742188,3.419032573699951,False,24.524091720581055,True,4,4,0,single,2.343750106956582,140.6250064173949,JUMPING
63,2.52,191.713623046875,82.44658660888672,1.930895209312439,False,21.70379638671875,True,4,4,0,single,2.343750106956582,140.6250064173949,JUMPING
64,2.56,190.68727111816406,82.13152313232422,0.874642550945282,False,20.07806396484375,True,4,4,0,single,2.343750106956582,140.6250064173949,JUMPING
65,2.6,192.50140380859375,84.01078796386719,2.0085501670837402,False,19.366493225097656,True,4,4,0,single,2.343750106956582,140.6250064173949,JUMPING
66,2.64,195.9193115234375,87.74105072021484,3.7981061935424805,False,19.9331111907959,True,4,4,0,single,2.343750106956582,140.6250064173949,JUMPING
67,2.68,200.15164184570312,92.31864166259766,4.615810871124268,False,19.839818954467773,True,4,4,0,single,2.343750106956582,140.6250064173949,JUMPING
68,2.72,202.3820343017578,94.75096893310547,2.441195487976074,False,19.725963592529297,False,5,4,1,double,2.3255813566654555,139.53488139992734,JUMPING
69,2.76,205.36892700195312,96.90241241455078,2.1727521419525146,False,20.769248962402344,False,5,4,1,double,2.3255813566654555,139.53488139992734,JUMPING
70,2.8,205.3670654296875,95.92761993408203,0.9752402305603027,False,22.262222290039062,False,5,4,1,single,2.3255813566654555,139.53488139992734,JUMPING
71,2.84,202.69561767578125,92.65654754638672,3.3112430572509766,False,23.179121017456055,False,5,4,1,single,2.3255813566654555,139.53488139992734,JUMPING
72,2.88,198.73138427734375,88.7010726928711,3.9685490131378174,False,23.860931396484375,False,5,4,1,single,2.3255813566654555,139.53488139992734,JUMPING
73,2.92,194.86895751953125,85.863037109375,2.9034364223480225,False,24.06073570251465,True,5,4,1,single,2.3255813566654555,139.53488139992734,JUMPING
74,2.96,192.4403076171875,84.8832015991211,1.3303250074386597,False,23.54926300048828,True,5,4,1,single,2.3255813566654555,139.53488139992734,JUMPING
75,3.0,191.8927764892578,85.37554168701172,0.9390710592269897,False,23.011159896850586,True,5,4,1,single,2.3255813566654555,139.53488139992734,JUMPING
76,3.04,193.82199096679688,87.45142364501953,2.2854087352752686,False,23.815093994140625,True,5,4,1,single,2.3255813566654555,139.53488139992734,JUMPING
77,3.08,196.79910278320312,91.42809295654297,4.05808687210083,False,24.001415252685547,True,5,4,1,single,2.3255813566654555,139.53488139992734,JUMPING
78,3.12,200.9210205078125,95.3746109008789,3.9797635078430176,False,23.31504249572754,True,5,4,1,single,2.3255813566654555,139.53488139992734,JUMPING
79,3.16,203.40933227539062,97.58040618896484,2.2058520317077637,False,22.88397979736328,False,6,5,1,single,2.3148147547707,138.888885286242,JUMPING
80,3.2,204.46221923828125,98.4354476928711,0.8589951992034912,False,22.147151947021484,False,6,5,1,single,2.3148147547707,138.888885286242,JUMPING
